keyword,title,texture,tsukurepo,しっかり,しっとり,すかっ,つるっ,とろける,とろっ,とろん,なめらか,ねっとり,ふっくら,ふるふる,ふわふわ,ぷっくり,ぷるぷる,もちもち,カリカリ,カリッ,クリーミー,サクサク,パリッ,ミルキー,分離,柔らかい,濃厚
シュークリーム,ティラミスシュークリーム,[],クッキーシューに！膨らみ失敗したけど味は大人スイーツで好評でした コーヒー味のシューいいですね(´`)ほろ苦でおいしかったです！ めちゃうまです。今年のバレンタインはこれに決めました(^-^),0,0,0,0,0,0,0,0,0,0,0,0,0,0,0,0,0,0,0,0,0,0,0,0
シュークリーム,シュークリーム(シュー生地、クリーム),"['しっかり', 'ふわふわ']",シュー皮を作りました。生地が弛かったようで高さが全く出ずペチャンコです(T_T)また今度挑戦したいと思います！ ふわふわ生地に仕上がりました。レシピの掲載ありがとうございます。 素敵なレシピありがとうございます！子どもと一緒にしっかり膨らんだシューが焼けましたo(^▽^)o,0.628978726,0,0,0,0,0,0,0,0,0,0,0.777422512,0,0,0,0,0,0,0,0,0,0,0,0
シュークリーム,しぼりなし！失敗しないシュークリーム生地,['しっかり'],絞り出さないので簡単ですね!適当に出しましたが、ちゃんと膨らみました。ありがとうございます! 簡単にちゃんと膨らんだシューになりました。中がしっかり空洞でクリームたっぷり入りました 簡単でスムーズに出来ました。卵は、Mサイズ2個でちょうど良い感じになりました。 簡単で焼き上がりも匂いも味も良いです！卵は2個でやってみました！,1,0,0,0,0,0,0,0,0,0,0,0,0,0,0,0,0,0,0,0,0,0,0,0
シュークリーム,失敗なしの簡単シュークリーム,[],見た目はイマイチになりましたが膨らみました。小麦粉を火にかけすぎたかな？リベンジします！ すごい！おうちでシュークリームできるなんて！カスタードと生クリームのダブルです。 憧れてたスワンシューも簡単に作れました♪リピ決定。 上手に作れました。前に1度本を見て失敗してこれなら自信が戻って来ました。 簡単に出来るのに上手く膨らんで嬉しかったです！とっても美味しかったです とっても綺麗にできました。説明わかりやすいです。ありがとう,0,0,0,0,0,0,0,0,0,0,0,0,0,0,0,0,0,0,0,0,0,0,0,0
シュークリーム,ちょっと豪華に☆シュークリーム,[],今宵のデザートに。今晩は。ワッフルで｡庭で出来た苺とミントを添えて。寒くなりました。私の誕生月の大好きな季節です(^^) おはようございます！孫が来て一緒にクックしましたフルーツ生クリーム豪華なデザート嬉スナップレポ感謝です(^^) こんにちは。昼食も済み。お天気良いのでお庭で豪華シュークリーム頂きます。ご馳走様です(^^) こちらはテンション上がりますね可愛いしめっちゃ美味しいありがとう お三時に。こんにちは。ハーシーズのチョコのシュークリームに。可愛く出来ました。夕食に厚揚げレシピお世話になります(^^),0,0,0,0,0,0,0,0,0,0,0,0,0,0,0,0,0,0,0,0,0,0,0,0
シュークリーム,低糖質オートミールのシュークリーム,"['カリッ', 'サクサク', '軽い']","小麦粉よりカリッとしててこっちの方が好きです。水とサラダ油だとバチバチはねました(＞人＜;)ので、注意ですね。
リピします♪ サクサクに仕上がりました。低糖質なのもいいですね サクっ！軽い生地！絞り出し袋なしでもちゃんと焼けました！生地の配合を参考にしました。自家製小麦粉YH、自然卵使用。",0,0,0,0,0,0,0,0,0,0,0,0,0,0,0,0,0.79898347,0,0.601352987,0,0,0,0,0
シュークリーム,クリスマスに可愛いツリーシュークリーム,[],思い立って子供と作りましたが　崩れてきました！でも楽しく作れました♪ クリスマスに子どものリクエストで、フルーツいっぱい＆ヨーグルトクリームで作りました。簡単に出来て助かりました！ 娘の誕生日に作りました！簡単にかわいくできていいですね(^^),0,0,0,0,0,0,0,0,0,0,0,0,0,0,0,0,0,0,0,0,0,0,0,0
シュークリーム,シュークリームリース☆パリブレスト,[],"クリスマス過ぎましたが(汗)ずっと作りたかったのが上手く出来て良かったです♪味も美味しくて見た目も可愛いです！ メッチャ可愛く美味しく出来ました～
最高！！ 丸型絞りが難しかったのでまたチャレンジしたいですレシピありがとうございました 美味しく、見た目もかわいいパリブレストが出来あがりました！ 初めてのシュークリーム好評でした！レシピありがとうございます！",0,0,0,0,0,0,0,0,0,0,0,0,0,0,0,0,0,0,0,0,0,0,0,0
シュークリーム,シュークリーム,[],絞り方へたっぴなのか、生地かたかったのか横に膨らんだ？高さがでなかった(TдT)またリベンジします(   ) 簡単に出来て好評でした。また作ります。クリーム美味しいです。 特に、クリームがすごーく美味しいですね！さすが！のレシピです。,0,0,0,0,0,0,0,0,0,0,0,0,0,0,0,0,0,0,0,0,0,0,0,0
シュークリーム,失敗しらず！シュークリーム用のシュー生地,['しっかり'],ミニエクレアで使わせて頂きました。これはホントに失敗知らず！綺麗に膨れます。有難うございました(^^) 初シュークリーム作り^ ^生地が柔らかすぎたようなので、またリベンジしてみます^ ^ 歪ですが、しっかり空洞！味はとっても美味しい！レシピ通りにつくれば、初めてなのにちゃんとしたシューができました。感激です！,1,0,0,0,0,0,0,0,0,0,0,0,0,0,0,0,0,0,0,0,0,0,0,0
シュークリーム,カスタード シュークリーム,['しっかり'],とても簡単でした！ 1回目で生地が緩めだったため、2回作りました。生地を小鍋で固める際に、弱火でしっかり温めたらちょうどいい生地になりました。 まん丸ちゃんと膨らみました^_^ 初めてシュークリームを作りましたとても美味しかったです(´`)ありがとうございます！ 粉末抹茶使用して抹茶シュークリームもつくりました。簡単に作れました！ 袋がなかったのでスプーンで掬い落としました。無事膨らみました。,1,0,0,0,0,0,0,0,0,0,0,0,0,0,0,0,0,0,0,0,0,0,0,0
シュークリーム,基本のシュークリーム,[],簡単で美味しく作れました！ありがとうございます 記載の1/3スケールでやってみました。良い感じに仕上がりました。 簡単美味しく出来ました綺麗に膨らんだしまたリピします^ ^,0,0,0,0,0,0,0,0,0,0,0,0,0,0,0,0,0,0,0,0,0,0,0,0
シュークリーム,シュークリーム用カスタードクリーム,['なめらか'],"滑らかなカスタードクリームができました！これからシュー皮に入れて食べたいと思います♪ありがとうございました。 簡単に作れました！
美味しかったです！ 息子と作りました。美味しいカスタードが出来て感激です♪ パイ用に作らせていただきました。甘味がちょうど良かったです。",0,0,0,0,0,0,0,1,0,0,0,0,0,0,0,0,0,0,0,0,0,0,0,0
シュークリーム,【米粉】米粉シュークリーム,"['サクサク', 'もちもち', 'もちもち']",焼きたてはサクサクで、翌日はプチシューみたいなもちもちなシューになりました。 米粉のシュークリーム初めてでしたがとっても美味しかったですクリームは生クリームに苺ジャムで甘さをつけ苺シューにしました^ ^ 米粉でこんなに美味しく作れるとは知りませんでした！カスタードの作り方も分かりやすく助かりました！家族からも好評でした！ 初めての米粉シュークリームでしたがちゃんと膨らんでいい色に焼けました。カスタードクリームもすごく美味しいですよ～また作りたいです シュー皮も膨らんで美味しくできました。 よく膨らんで、モチモチとしていて、家族に大好評でした！また作ります！ 一口サイズのプチシューにしました簡単でとても美味しかったです！,0,0,0,0,0,0,0,0,0,0,0,0,0,0,0.906041957,0,0,0,0.423187868,0,0,0,0,0
シュークリーム,シュークリームアレンジ,[],美味しいアレンジありがとうございました！ 抹茶でいただきました＾＾小さい頃食べきれないくらいのシュークリームを買ったなぁと懐かしい気持ちになりました 今日も抹茶…中もちょっと見えるように写真撮りました。色も綺麗だよね。抹茶でカテキンアップ！かな。 リピシュークリーム見るとこのレシピ思い出すよ。今日は息子リクエストでお抹茶と共に。W抹茶です お抹茶ですぐにクリームと馴染んで甘さ◯で美味しかったぁ。家でお抹茶たてて飲むので常備…子どもたちにも広めよ！アレンジ大成功,0,0,0,0,0,0,0,0,0,0,0,0,0,0,0,0,0,0,0,0,0,0,0,0
シュークリーム,ホケミとレンジで失敗なし★シュークリーム,['しっかり'],2歳の息子と初めて作って、高さがうまく出なかったけど、生地を絞り出す時に、底面積を減らせばよかったのかなぁ…またリベンジします！ 写真はクリームを入れる前ですが…しっかりと膨らみました(^-^) 簡単にできました。美味しかった！リピ決定です！ 初めてでしたが、おいしくできました♪ありがとうございました！,1,0,0,0,0,0,0,0,0,0,0,0,0,0,0,0,0,0,0,0,0,0,0,0
シュークリーム,意外と簡単☆基本のシュークリーム,[],いい感じです！！ありがとうございます！ 倍量にしたら卵多くてシュー生地が緩くなっちゃったけどギリセーフ！ クリーム焦がしましたが、作り易い分量でした。!(^^)!,0,0,0,0,0,0,0,0,0,0,0,0,0,0,0,0,0,0,0,0,0,0,0,0
シュークリーム,米粉のシュークリーム～カリカリ～,[],息子と作りました。我が家は牛乳ではなく豆乳で、カスタードクリームも豆乳で作りました。　 良い感じに焼けました♪玄米粉でも焼けました～(^^)冷めるのが楽しみ。 初めてシュークリームせいこうしました！とっても美味しかったです！ 感動モノの膨らみ具合でした。カスタードと生クリームで食べます,0,0,0,0,0,0,0,0,0,0,0,0,0,0,0,0,0,0,0,0,0,0,0,0
シュークリーム,米粉のシュークリーム☆,[],いちごのエクレアっぽい感じにしてみました☆シューの時はこちらのレシピに決めてます！ありがとうございます(  ) ちゃんとふくらんでよかったー！ステキなレシピ感謝です 米粉でどうしても作りたくて！時間が経っても萎まず上手に作れました めちゃくちゃ美味しかったです。リピします。 小麦アレルギーの息子に。ありがとうございます！また作ります。,0,0,0,0,0,0,0,0,0,0,0,0,0,0,0,0,0,0,0,0,0,0,0,0
シュークリーム,絶対に膨らむシュークリーム,[],"少し緩かったので、次回は
生地の調節の参考にします☆ きれいに膨らみました♪♪ 絶対に膨らむ！ありがとうございました♪♪ 初めて膨らみました！素敵なレシピありがとうございます！",0,0,0,0,0,0,0,0,0,0,0,0,0,0,0,0,0,0,0,0,0,0,0,0
シュークリーム,簡単！シュークリームの皮☆シュー生地,[],美味しくできました！ 別レシピで失敗した為こちらを試しましたが膨らみませんでした。 初めてだったけど上手く焼けました。 何年か前に失敗して以来作っていませんでしたが、久しぶりに挑戦！簡単に素早く、綺麗に焼けました◎ありがとうございました♪ シュークリーム初挑戦！とてもわかりやすくちゃんと膨らみました！ありがとうございます,0,0,0,0,0,0,0,0,0,0,0,0,0,0,0,0,0,0,0,0,0,0,0,0
シュークリーム,簡単 失敗しない 基本のシュークリーム,[],シュークリーム作り苦手ですが、ちゃんと膨らみました！ ミニシュークリームで。たくさんできて美味しかったです。 初めて作りましたが、上出来でした素敵なレシピ感謝です いつも膨らまないで失敗してたけどばっちり膨らみました(o^^o),0,0,0,0,0,0,0,0,0,0,0,0,0,0,0,0,0,0,0,0,0,0,0,0
シュークリーム,素朴なカスタードシュークリーム,"['カリッ', '濃厚']",キレイに膨らみましたー♪♪♪美味しかったです 素朴な見た目になっちゃったけど、美味しく出来ました 濃厚カスタードとカリッと生地が絶妙！レシピありがとうございます とても綺麗に膨らんで生地の食感も軽く柔らかくて美味しかっです♪ 綺麗にできました！前回他のレシピで失敗したので凄く嬉しいです! とても美味しくできました！,0,0,0,0,0,0,0,0,0,0,0,0,0,0,0,0,0.85838795,0,0,0,0,0,0,0.513001099
シュークリーム,さくっ♪クッキーシュークリーム♪,"['サクサク', 'サクサク']",おいしかったです！膨らみが弱かったから次はもっと膨らませるよう頑張りますー 息子リクエストで♪生クリームカスタードで(o・ω・o) さくさくに仕上がりました！ 雨降りの休日に久しぶりにシュークリーム 初めてでも膨らみました こんなに簡単で美味しいなんて驚き！ サクサクで美味しかったです(^w^)子供達にも好評♪,0,0,0,0,0,0,0,0,0,0,0,0,0,0,0,0,0,0,1,0,0,0,0,0
シュークリーム,トースターでも膨らむ！シュークリーム！,[],やっぱりふくらまなかったです。卵のサイズを表示してください。 トースターでもシュー皮が焼けて感動～美味しくできました 膨らみがイマイチ………ぴえんまた作ります。 オリーブオイルが1gしかないことに途中で気づきサラダ油で補いましたが美味しい生地が出来ました~,0,0,0,0,0,0,0,0,0,0,0,0,0,0,0,0,0,0,0,0,0,0,0,0
シュークリーム,シュークリーム,[],天板の余ったスペースでプチシュー作ってみました。あまり膨らみませんでしたが、焼き時間変えて再チャレンジします！美味しかったです シュークリームが苦手な私でも出来ました！感謝です！！ 美味しくできましたー！また、作ります～,0,0,0,0,0,0,0,0,0,0,0,0,0,0,0,0,0,0,0,0,0,0,0,0
シュークリーム,クリームが沢山詰まる！シュークリーム生地,[],"同じことで悩んでました！素敵なレシピをありがとう！ とってもよく膨らみました。美味しかったです。
リピします♪ ちょっと小ぶりなのですが…クリームがたくさん入りました(^Д^) シューだけで美味しいつぎはもっと膨らませます！",0,0,0,0,0,0,0,0,0,0,0,0,0,0,0,0,0,0,0,0,0,0,0,0
シュークリーム,簡単シュークリームの皮の作り方,[],バニラアイス作ってインしました！リピします。 絞り袋使わないでスプーンでも、シュー皮が「らしく」できました♪ 簡単に美味しく作ることができました。また作ろうと思います ^^ 簡単に出来て、ふくらみもバッチリでした。ありがとうございます 上手く焼けました。2回目作りました。 初めてクリスマスにシュークリーム作り子供たちが大喜びで感謝です☆,0,0,0,0,0,0,0,0,0,0,0,0,0,0,0,0,0,0,0,0,0,0,0,0
シュークリーム,HMで簡単シュークリーム,[],"4回作って4回目でやっと膨らみました(*)まだまだ改良出来るかもしれないのですが、凄く嬉しい！味はめちゃくちゃ美味しい 初めて挑戦しました。また挑戦したいです。 焼けたよー
                  ",0,0,0,0,0,0,0,0,0,0,0,0,0,0,0,0,0,0,0,0,0,0,0,0
シュークリーム,基本のチョコ・シュークリーム,['サクサク'],チョコシュー、ノーマルシュー両方最高レシピです！リピしまくり バレンタインに作って彼にあげました！美味しいと大絶賛でした 美味しくできました(*^^*) さくさくに美味しく出来ました～レシピありがとうございました。 生チョコカスタおいしすぎます,0,0,0,0,0,0,0,0,0,0,0,0,0,0,0,0,0,0,1,0,0,0,0,0
シュークリーム,シュークリーム,[],膨らみが少なかったですが、美味しくできました！ なんとか膨らみました！ 綺麗に膨らんでくれて大成功でした。  ありがとうございます。 参考にさせて貰いました(^ ^)失敗なく出来ました。,0,0,0,0,0,0,0,0,0,0,0,0,0,0,0,0,0,0,0,0,0,0,0,0
シュークリーム,簡単 成功☆シュークリームのパフ,[],"きれいに焼けて嬉しい、パフの軽さも好みでした！感謝 綺麗に膨らみました。
またリピします(´`＊) 上手に出来ました",0,0,0,0,0,0,0,0,0,0,0,0,0,0,0,0,0,0,0,0,0,0,0,0
シュークリーム,手作り簡単プチシュークリーム,[],簡単で手早く出来ました！感謝感激(///∇///) 膨らむのおもしろい！リピです！！ 膨らんでびっくり！面白い！簡単な生地の作り方をありがとう！,0,0,0,0,0,0,0,0,0,0,0,0,0,0,0,0,0,0,0,0,0,0,0,0
シュークリーム,簡単な美味しいシュークリーム,[],色々なレシピを試しましたが、こんなに上手く焼けたのは初めてです。 少し膨らみが足りなかったよう  リベンジします 三歳の娘と二人作りましたがおいしくできました。 クリーム入れて食べました 美味しかったです♪,0,0,0,0,0,0,0,0,0,0,0,0,0,0,0,0,0,0,0,0,0,0,0,0
シュークリーム,失敗しないシュークリーム☆,[],４回目リピです(^o^)父の日なので旦那さんの好きなシュークリームを作りました！生クリーム多めです♪ ３回目リピです(^o^)生クリームとカスタードたっぷりで満腹！ ２回目ですが今回も美味しくできましたステキレシピ感謝です♪ リピです(^-^)失敗なしのシュークリーム♪今回はチョコのせ★ 家族にほめられ一言「私失敗しないので」笑   またリピします♪ 子供達がシュークリーム大好き。大絶賛でした～,0,0,0,0,0,0,0,0,0,0,0,0,0,0,0,0,0,0,0,0,0,0,0,0
シュークリーム,スワンシュークリーム,['すかっ'],手軽な材料で可愛く作れて満足です^_^ とっても素敵なシューになりました＾＾ 可愛く出来ました！ありがとうございます(^^) 娘のBDに♪初めてでも作りやすかったです次回はカスタードで再挑戦 アライマンさんのように美しくはならなかったですが満足です(^^),0,0,1,0,0,0,0,0,0,0,0,0,0,0,0,0,0,0,0,0,0,0,0,0
シュークリーム,卵1個で簡単　シュークリーム,[],"オーブンがないのでフライパンで5年前にシュークリームを初めて作った時は膨らまなかった。その時に比べたら、今回は膨らみました 初めてこんなに上手にできた！しかも簡単で！ありがとうございます！ 初めて上手く膨らみました！ありがとうございます^ ^ 生まれて始めてこんなにうまくできました！
",0,0,0,0,0,0,0,0,0,0,0,0,0,0,0,0,0,0,0,0,0,0,0,0
シュークリーム,簡単！ハロウィンなシュークリーム,[],"簡単なのにハロウィン感が増して最高です！笑
子供も大喜びでした！ RemiDemiさん。
作ってみました。
かわいく出来ました 保育園にて簡単で可愛くできましたヘタはビーノで(笑) 子ども達が作りました！簡単に可愛く出来て良かったです(^O^)",0,0,0,0,0,0,0,0,0,0,0,0,0,0,0,0,0,0,0,0,0,0,0,0
シュークリーム,カスタードたっぷりシュークリーム,[],"失敗なくとても美味しく作れました！ バレンタインに！中身をフルーツホイップにしました！
 とっても美味しくてみんなに大好評でしたまた作ります！！ おいしくて家族からも大好評でした^_^また作りたいです!",0,0,0,0,0,0,0,0,0,0,0,0,0,0,0,0,0,0,0,0,0,0,0,0
シュークリーム,簡単本格的！シュークリーム生地☆,"['サクサク', 'サクサク']","初めての成功！！嬉しいです！シューアイスにして食べました 良い感じにサクサク 初めて成功しました！ありがとうございます(^^) サクサクのシューにが出来ました、完璧です

",0,0,0,0,0,0,0,0,0,0,0,0,0,0,0,0,0,0,1,0,0,0,0,0
シュークリーム,ホットケーキミックスで簡単シュークリーム,['しっかり'],パイシューが食べたくなりこちらのシュー生地で作らせていただきました！簡単にできてしっかりふくらみました！美味しく頂きました！ 簡単に膨らみました！ありがとうございます^_^ 美味しくできました(**)｡♪:*°リピします！,1,0,0,0,0,0,0,0,0,0,0,0,0,0,0,0,0,0,0,0,0,0,0,0
シュークリーム,ちょい食べ☆プチシュークリームのお弁当,[],オホホ私独占中ザ☆タッパーで恥(笑)ちょい食べ嬉し～有難う 本当はこの３倍食べたい♪笑 今からこれ持って行ってきまぁす☆感謝 丁度良い容器発見笑 食後にちょこっとが嬉しいんですよね☆感謝 プチシュー大好物なのにこれは思い付かず☆自分用なのにメッセ付♪笑,0,0,0,0,0,0,0,0,0,0,0,0,0,0,0,0,0,0,0,0,0,0,0,0
シュークリーム,簡単♪失敗なし♪天ぷら粉でシュークリーム,"['すかっ', 'ふわふわ']",混ぜすぎたのか膨らみがイマイチでしたがとても作りやすかったです！もう一度挑戦したいと思います！ 初めてシュークリーム作りました！簡単に美味しく出来て感動！ ふわふわのシュー皮が出来ました！ありがとうございまーす 簡単で 良く膨らみ、美味しいシュー生地が出来ました^ ^,0,0,0.718548048,0,0,0,0,0,0,0,0,0.695477321,0,0,0,0,0,0,0,0,0,0,0,0
シュークリーム,失敗なしの簡単シュークリーム,[],"簡単に作れました！ 大成功でした！小ぶりに絞ったので次回はもう少し大きめに絞る！ 初めて作りました。綺麗に空洞になって感動です！
ありがとう！
",0,0,0,0,0,0,0,0,0,0,0,0,0,0,0,0,0,0,0,0,0,0,0,0
シュークリーム,トースターで皮パリパリシュークリーム,"['カリッ', 'サクサク', 'サクサク', 'パリッ', 'パリッ']","コストコシュークリームで() 外はカリッと中はヒンヤリ
立派なスイーツです パリパリの皮、カタラーナのようなクリーム最高でした♪リピします☆ 皮パリパリなっておいし～レシピ感謝です☆ 焦げた汗
外サクサク中ひんやりですごくおいしい！衝撃！ サクサクで、美味しかったです～。",0,0,0,0,0,0,0,0,0,0,0,0,0,0,0,0,0.592300949,0,0.445793884,0.671153782,0,0,0,0
シュークリーム,ココナッツオイルで♪簡単！シュークリーム,['サクサク'],膨らみがイマイチでした()絞りかたが悪かったかな？ココナツオイルでヘルシーですね サクサクで香ばしいシューができて、感激しました。 体の事を思ってのこのシュークリーム、最高でした♪リピ決定！ ココナッツオイルだとヘルシーで香ばしくて一石二鳥☆レシピに感謝！,0,0,0,0,0,0,0,0,0,0,0,0,0,0,0,0,0,0,1,0,0,0,0,0
シュークリーム,簡単☆ 油揚げでシュークリーム,[],"ジョングレさんのカスタードとコラボで☆
簡単に出来てイイですね めみたん追い＋yesさん塩クリームでラップが少なかったかな？ 本当シュークリームだ！レンチン後既に固く形イマイチ謝又作りたい",0,0,0,0,0,0,0,0,0,0,0,0,0,0,0,0,0,0,0,0,0,0,0,0
シュークリーム,シュークリームの皮！少量で作るコツあり♪,[],旦那さんの誕生日に。久しぶりにお菓子手作りしました！ 初めてシュークリームにチャレンジしました！美味しかったです！ ちょっと食べたい時に丁度いいですね！無事膨らんで一安心です♪ 一口サイズで作ってみました。今度は、生クリームを挟もうかな～。 苺がない季節のデコにプチシューが活躍してくれました！,0,0,0,0,0,0,0,0,0,0,0,0,0,0,0,0,0,0,0,0,0,0,0,0
シュークリーム,クリームたっぷりシュークリーム,"['すかっ', 'すかっ']",簡単に出来ました！わかりやすかったです！美味しかったです！ 楽しかった！ すごく簡単で、分かりやすかったです！,0,0,1,0,0,0,0,0,0,0,0,0,0,0,0,0,0,0,0,0,0,0,0,0
シュークリーム,簡単★プチチョコシュークリーム,[],すごーく簡単で驚きあまり膨らまなくて失敗でした。。味は美味 初シュークリーム作りでしたが、簡単に膨らみました！リピします♪ レンジで簡単に出来るんで感激しました。おいしかったです。,0,0,0,0,0,0,0,0,0,0,0,0,0,0,0,0,0,0,0,0,0,0,0,0
シュークリーム,＊昔ながらシュークリーム(シュー生地)＊,['ふっくら'],"マフィンケースでふっくらとできました。 牛乳で作るのは初めて！
美味しかったです(^^)d 美味しかったです！！
もっと上手くなってまたつくれぽしますね 簡単に美味しく作れました",0,0,0,0,0,0,0,0,0,1,0,0,0,0,0,0,0,0,0,0,0,0,0,0
シュークリーム,◆絶対失敗しないシュークリーム◆,"['しっとり', 'パリッ']","初めて満足するシュークリームが出来ました！夫も子供達もパクパク プティシューにして、中はしっとり外はパリッと美味しく出来ました こんなに上手にできたのは初めてでした夫にも好評でした(´∀｀) 初めて成功しました♪嬉しいです！ありがとうございました★ 昔失敗したのですがこのレシピでうまく出来ました、ありがとう。 シュークリーム初挑戦で成功しました(><)
美味しかったです♪",0,0.693347823,0,0,0,0,0,0,0,0,0,0,0,0,0,0,0,0,0,0.720603078,0,0,0,0
シュークリーム,市販で簡単！シュークリームのツリー,[],ケーキが苦手な家族ですが、楽しく作り美味しく頂きました毎年このスイーツがいいなと皆ご満悦でした(     ) アラザンとフルーツ盛り盛りで☆簡単で見映えも良くていいですね^^ 皆様と比べボリュームに欠けますが十分楽しめたよランラン～♪ 簡単で豪華！大成功！切らなくていいから楽だー！ デザイン参考にしましたぁありがとうございます,0,0,0,0,0,0,0,0,0,0,0,0,0,0,0,0,0,0,0,0,0,0,0,0
シュークリーム,シュークリーム♪（基本のパータ・シュー）,[],マーガリンで作りました(^○^)うまくできました クッキー生地をのせて焼いてみました☆美味しかったです(*^^*) 初めて作りました綺麗に膨らんだけど、まだまだ泣また挑戦します！ ３回目！失敗無しです☆ありがとー(*^^*)今回はプチシューです,0,0,0,0,0,0,0,0,0,0,0,0,0,0,0,0,0,0,0,0,0,0,0,0
シュークリーム,ハロウィンに！目玉のシュークリーム☆,[],手抜きで市販チョコ使用ですが、ハロウィンらしくなりました！ 友達が作ったケーキにものせてもらいました(^^) 持ち寄りハロウィンパーティに。きもかわで子どもにウケました 子どもと作りました☆楽しかったです♪,0,0,0,0,0,0,0,0,0,0,0,0,0,0,0,0,0,0,0,0,0,0,0,0
シュークリーム,チューボーですよ！ シュークリーム,[],シュークリームおいしかったです^ ^塩は少し減らして作りました。 娘が作りました！美味しかったのでまた作ってもらいます うまく、膨らみました！感激です。ありがとうございます(^ ^) 簡単に美味しくできました～ 番組を見てすぐ作りました！本格的 番組を見て食べたくなり作りました！星3つ！ 初挑戦のシュークリームでしたが簡単に美味しく仕上がりました♪,0,0,0,0,0,0,0,0,0,0,0,0,0,0,0,0,0,0,0,0,0,0,0,0
シュークリーム,サクサク☆シュークリーム,"['サクサク', 'サクサク', 'サクサク']","ダブルクリームで頂きました♪サクサクとっても美味しかったです！ 小さめにしたら沢山出来ましたー。ダブルクリームでいただきました。 サクサクシュークリーム完成(*^^*)
満足です(^^)
 このサクサク感大好きです！(^O^)これからもリピします！ サックサクのシュー生地ができ、カスタードも好みの味でした",0,0,0,0,0,0,0,0,0,0,0,0,0,0,0,0,0,0,1,0,0,0,0,0
シュークリーム,シュークリームにあうミルクティー,[],美味しいミルクティー♪汁ぽーいが気になります！ 簡単で美味しい♪ 夜にミルクティーがすごく飲みたくなって作りました。とても満足です コクがあってとっても美味しかったです。家族にも作りたいな☆,0,0,0,0,0,0,0,0,0,0,0,0,0,0,0,0,0,0,0,0,0,0,0,0
シュークリーム,とろ～りカスタードのシュークリーム,[],初めて作ってみました。膨らみましたよカスタードクリームも美味 生地は難しいですね。膨らみが足りなかったのでまたチャレンジします 娘のリクエストで作りましたクリームとろ～りとても美味感謝です,0,0,0,0,0,0,0,0,0,0,0,0,0,0,0,0,0,0,0,0,0,0,0,0
シュークリーム,美味しいシュークリーム,[],"ちょっとこんがりめ。
不安で膨らんでからカスタードを作りました。 きれいにできました (　`ω´　)!! ちょっと焦がしたけど美味しかったです",0,0,0,0,0,0,0,0,0,0,0,0,0,0,0,0,0,0,0,0,0,0,0,0
シュークリーム,シュークリーム,"['カリッ', 'ぷっくり']",生クリーム消費にもなって美味しく出来ました。 Wクリーム美味しくてチビ二人もパクパク！マーガリンで作りました。 まともな写真をとり忘れ…玉子2+αできれいに美味しくできました！ 私もちゃんと上手に膨らみました！わくわく大好きシュクリーム大感謝 ぷっくりふくらんで表面はカリッと♪またやってみようと思います^^,0,0,0,0,0,0,0,0,0,0,0,0,0.749778863,0,0,0,0.661688489,0,0,0,0,0,0,0
シュークリーム,＊私が作るシュークリーム＊保存方法付き,[],完璧なレシピでした！美味しかったです。 バッチリ膨らみました！いつも失敗してたので嬉しい～感謝です やっと成功するレシピにたどり着きました！ありがとうございました♪,0,0,0,0,0,0,0,0,0,0,0,0,0,0,0,0,0,0,0,0,0,0,0,0
シュークリーム,ふわふわシュークリーム,['ふわふわ'],大好きなシュークリームが家でも作れちゃいました美味しかったです 2度目です!焼きあがり、まだクリームを入れていない状態 膨らみましたぁ！しかも美味しい！リピ決定！ ふわふわ綺麗に膨らみますね いい感じにふくらみました！今から、クリーム入れます(*^^*),0,0,0,0,0,0,0,0,0,0,0,1,0,0,0,0,0,0,0,0,0,0,0,0
シュークリーム,中学生でもできちゃう簡単シュークリーム！,[],レシピ参考にしました。私も中学生です。簡単に出来ました。 失敗なく膨らみました^^量もちょうどいいです！また作ります♪ 子供と一緒に作る事ができました！また、作るみたいですよ♪ 膨らみにくいとよく聞きますが本当に簡単でうまくできて嬉しいです,0,0,0,0,0,0,0,0,0,0,0,0,0,0,0,0,0,0,0,0,0,0,0,0
シュークリーム,基本のシュークリーム。,['カリッ'],おいしかったです カリッと香ばしい皮！ダブルクリームで美味しく仕上げました(^^) 膨らみましたヽ(´▽`)ﾉ 簡単、美味しかった！,0,0,0,0,0,0,0,0,0,0,0,0,0,0,0,0,1,0,0,0,0,0,0,0
シュークリーム,簡単♪プチシュークリーム,['サクサク'],"おいしい！！
またリピしますね！ できました！ 美味しかったです。ありがとうございます。また絶対に作ります。 サクサクで美味しく出来ました(*^^*)",0,0,0,0,0,0,0,0,0,0,0,0,0,0,0,0,0,0,1,0,0,0,0,0
シュークリーム,失敗なし！サラダ油で簡単シュークリーム,"['サクサク', 'サクサク', 'サクサク', 'サクサク']","半分は牛乳入りで作りました。確かに牛乳入りの方がサクッと硬め()レンジ調理が不安でお鍋で作りましたが上手く出来ました。 家用に (*) 簡単で美味しかったです～♪♪ 初めて作ってみました
とても簡単にできサクサクでおいしかったです 初めて美味しく出来ました！感激です（*^_^*）サクサク♪♪ 簡単、サクサク美味しかったです 素敵レシピ感謝です",0,0,0,0,0,0,0,0,0,0,0,0,0,0,0,0,0,0,1,0,0,0,0,0
シュークリーム,初めてのシュークリーム（シュー生地）♪,['すかっ'],とても作りやすかったですココア生地にクランチトッピングverと、チキンや野菜ペースト挟んだシューサレverにしてみました！ 初シュー！膨らんだ♪のに冷めたら半数萎んじゃった‥小さかったかな 絞り出す時に、小さく高くするのがポイントなのでしょうか。 絞り方が平面で膨らみ甘いけど、クッキーシューみたいで感動 初めて作ったのに、失敗せずにできました！丸く膨らんで感動です！ 豆乳なくて普通のカスタードですが美味でした家族にも好評でした,0,0,1,0,0,0,0,0,0,0,0,0,0,0,0,0,0,0,0,0,0,0,0,0
シュークリーム,シュークリーム,['しっかり'],しっかり膨らみました！今度は大きめに作りたいです☆彡 半分の量でやったので小さめですが、味も見た目も文句なしでした！ 中２男子。初めて自分で作りました。最高のレシピです！！！,1,0,0,0,0,0,0,0,0,0,0,0,0,0,0,0,0,0,0,0,0,0,0,0
シュークリーム,私なりのシュークリーム成功のコツ,[],小さめで沢山作りました。まん丸に膨らん可愛い！ラングドシャで甘くなって美味しかったです。ありがとうございます。 いつも参考させてもらってます！今日はエクレアに きれいに膨らんで、甘いシュー生地が私好みでした♪ なかなかふくらみませんでしたが、頑張りました！またつくりたいです ラングドシャがのったシュークリーム、友達にとても好評でした！！,0,0,0,0,0,0,0,0,0,0,0,0,0,0,0,0,0,0,0,0,0,0,0,0
シュークリーム,クリスマス シュークリームタワー ,[],簡単で可愛くて子ども達も喜んでくれました、ありがとうございます みんなに喜んで貰えました！ 参考にさせていただきました～ステキなレシピに感謝,0,0,0,0,0,0,0,0,0,0,0,0,0,0,0,0,0,0,0,0,0,0,0,0
シュークリーム,シュークリーム,['サクサク'],カスタード＆ホイップにしました(*^▽^*) 不恰好ですがサクサク♪リピします☆ 初めて作りました。美味しかった！上手に作れるように頑張ります,0,0,0,0,0,0,0,0,0,0,0,0,0,0,0,0,0,0,1,0,0,0,0,0
シュークリーム,m基本のシュークリーム,[],生地の材料も少なく簡単に作れました☆美味しかったです(*^^*) とても綺麗に出来て大満足です！リピします！！ 上手くいきました♪美味しかったです 初挑戦でしたが綺麗に膨らみました！美味しかったです♪ご馳走様♪ リピしました。前回よりしぼまず大成功。 職場のアメリカ人に大人気でした 初挑戦にしては上手にできたかな。次回はもう少し膨らむといいな。,0,0,0,0,0,0,0,0,0,0,0,0,0,0,0,0,0,0,0,0,0,0,0,0
シュークリーム,ポニョポニョなシュークリーム※追記あり,"['もちもち', 'もちもち']",味は美味しいですがSガーデン？のモチモチ感とは全く違いました。 もちもちな感じでおいしかったです！ありがとうございます！ マーガリンをカルピスバターにして倍の40個作りました。美味しい！ 作り方を参考にさせていただきました！ありがとうございます！,0,0,0,0,0,0,0,0,0,0,0,0,0,0,1,0,0,0,0,0,0,0,0,0
シュークリーム,分量簡単!！さくさくシュークリーム,['すかっ'],苦手なシューが初めて満足できる仕上がりになりました！リピします さっくさくでお店みたいな出来栄え！感激！また作ります(^^) エクレアできました！(*^^*) リピ！バナナと苺を入れてエクレアにアレンジしました(^^) 簡単でサクふわ！美味しいです(^^) めっちゃうまくできました！！このレシピ好きです(*^^*)♪ 材料の種類が少なくてわかりやすかったです(*´-`),0,0,1,0,0,0,0,0,0,0,0,0,0,0,0,0,0,0,0,0,0,0,0,0
シュークリーム,ハンドミキサーでシュークリーム作ろ♪,['しっかり'],"知り合いのBDに♪サツマイモと生クリームでアレンジ♪ しっかり膨らんで、美味しく出来ました♪ありがとうございました。
 今までで一番上手くできました。(^^)ﾚｼﾋﾟありがとうﾃﾞｽ( 素敵レシピに感謝!!おいしかった！",1,0,0,0,0,0,0,0,0,0,0,0,0,0,0,0,0,0,0,0,0,0,0,0
シュークリーム,基本のシュークリーム。,[],"やっぱり何度作っても失敗しない(*´｀*)
このレシピが１番 ハート型のパリブレストにしました！ 水分過多？で生地がダレてしまいましたが美味でした♪リベンジします おいしくつくれました下がちょっと焦げちゃったけど！笑 ぱぱっとできてとても良かったです(*´ `*)また作りたいです！ ちょっと膨らみ足りなかったかも(´･_･`)でも美味しかった！ 他のレシピより香ばしく出来上がり、リピ確定です♪",0,0,0,0,0,0,0,0,0,0,0,0,0,0,0,0,0,0,0,0,0,0,0,0
シュークリーム,美味しい！シュークリーム,[],膨らみました～!なんか嬉しいですね^_^これからカスタード入れ 膨らんで美味しくできました^ ^一口サイズ可愛いいし食べやすい～ 笑える程の大失敗(Д)ﾉ笑って下さい☆全然膨らまずガーンです 作りやすくて味も最高！ありがとうございました！,0,0,0,0,0,0,0,0,0,0,0,0,0,0,0,0,0,0,0,0,0,0,0,0
シュークリーム,基本のシュークリーム,[],"膨らまなかったです！失敗に終わりました！生地は固めでいいんですか 簡単においしくできました こんなに上手に膨らんだの初めて
素敵レシピに感謝♪♪ わーい、膨らみました。材料も簡単でした♪",0,0,0,0,0,0,0,0,0,0,0,0,0,0,0,0,0,0,0,0,0,0,0,0
シュークリーム,シュークリーム DE アンパンマン,[],２歳の子どもが大喜びでした 二歳の誕生日にとても可愛く出来ました～！ありがとうございました ２歳になる娘も大喜びでした。 みんな喜んでくれました！ありがとうございます(*^-^*) バースデーケーキの飾りに使わせてもらいました(^o^) 家族に喜んでもらえました！ 絵心なくてすみません…でも２歳息子は嬉しそうレシピ感謝です☆,0,0,0,0,0,0,0,0,0,0,0,0,0,0,0,0,0,0,0,0,0,0,0,0
シュークリーム,シュークリーム♪,[],初めてシュークリーム作りました！また挑戦したいです♪ 粉砂糖なかった～色黒だけど美味しかったよ♪即完食(^q^)感謝 ちょい焦げだけど初めて成功～♪クリーム材料忘れ(笑)仕事帰りに☆,0,0,0,0,0,0,0,0,0,0,0,0,0,0,0,0,0,0,0,0,0,0,0,0
シュークリーム,卵1個で♪ヨーグルト・シュークリーム,[],初シュークリーム。膨らみに差が出てしまった。もっと丁寧に作ればよかったかも。ヨーグルトクリームは最高に美味しかった！ ヨーグルト生クリームが相性が良く、さっぱり後味爽やか美味でした。 生地が緩くならなくて牛乳をちょっと足しましたがちゃんとできました ヨーグルトクリームじゃないけど上手にできました とても美味しく頂きました。ごちそうさま シュー皮だけ参考に。膨らんで嬉しい。バター不要だし卵1個なら気軽 さっぱりしていて美味♪レシピありがとうございました！,0,0,0,0,0,0,0,0,0,0,0,0,0,0,0,0,0,0,0,0,0,0,0,0
シュークリーム,簡単シュークリーム,[],"良い感じに膨らんだ☆
やったぁ～！！！ 膨らんで嬉しいー♪また作ります 材料も作り方も簡単で、初めて成功しました。(^^)
 ちょっと焦げちゃったけど、ちゃんと膨らみました！また作ります",0,0,0,0,0,0,0,0,0,0,0,0,0,0,0,0,0,0,0,0,0,0,0,0
シュークリーム,うちの【シュークリーム】,[],残念！膨らまず…。再挑戦します！ 再チャレンジ！先回より焦げなかったけど空洞がなくなり…(._.) 温度が高すぎたようで…(^^;またすぐチャレンジします！ 卵の入れすぎか平たくなってしまいましたが、美味で大好評でした☆,0,0,0,0,0,0,0,0,0,0,0,0,0,0,0,0,0,0,0,0,0,0,0,0
シュークリーム,基本第一シュークリーム,['しっかり'],初めてつくったんですがしっかりと膨らんで美味しくできました 初めて作りましたが、とても簡単に作れました！ 初めて挑戦しました☆なんとか、出来ました(*^^)vありがとう お土産用に作りました わーい！ふくらみました!! せいこう！！,1,0,0,0,0,0,0,0,0,0,0,0,0,0,0,0,0,0,0,0,0,0,0,0
シュークリーム,簡単で失敗しないシュークリーム,[],他の方の失敗しないやつで失敗に終わり、このレシピで助かりました。 とても美味しくいただきました。ごちそうさま 初めて膨らみましたあ！桃とカスタードクリームを挟んでめちゃうま！ おいしかったです。,0,0,0,0,0,0,0,0,0,0,0,0,0,0,0,0,0,0,0,0,0,0,0,0
シュークリーム,ミニシュークリーム☆ホワイトチョコがけ,[],"友チョコに。可愛く出来ました(^^) このシュー生地おいしい☆レシピありがとうです＼(^o^)／ めっちゃ簡単でしたヽ(▽)ﾉ
有難うございました",0,0,0,0,0,0,0,0,0,0,0,0,0,0,0,0,0,0,0,0,0,0,0,0
シュークリーム,簡単☆シュークリーム,[],"ちゃんと膨らんでくれて良かったー♪おいしー(≧∇≦) ミニエクレアの生地として参考にさせてもらいました♪美味しかった☆ 美味しかったです(*´`)
ありがとうございます。",0,0,0,0,0,0,0,0,0,0,0,0,0,0,0,0,0,0,0,0,0,0,0,0
シュークリーム,ティラミスシュークリーム,[],クッキーシューに！膨らみ失敗したけど味は大人スイーツで好評でした コーヒー味のシューいいですね(´`)ほろ苦でおいしかったです！ めちゃうまです。今年のバレンタインはこれに決めました(^-^),0,0,0,0,0,0,0,0,0,0,0,0,0,0,0,0,0,0,0,0,0,0,0,0
シュークリーム,シュークリーム,[],少し膨らみが足りなかったですが上手くできました//クリームin♪ クリームはこれから…大満足の出来でした(o^∇^o)ごちそう様～ ちゃんと膨らみましたっ！とってもおいしかったです,0,0,0,0,0,0,0,0,0,0,0,0,0,0,0,0,0,0,0,0,0,0,0,0
シュークリーム,ホエーのシュークリーム,['サクサク'],卵を入れすぎて膨らみませんでした(汗)でも、美味しかったです!! 私でもちゃんと膨らんで感激！簡単に出来ておいしかったです♪感謝★ クッキーシューに！美味しかったです ホエーでサクサクですね。プチシューにしました。,0,0,0,0,0,0,0,0,0,0,0,0,0,0,0,0,0,0,1,0,0,0,0,0
シュークリーム,ふんわりシュークリーム,[],小さめで作りましたがお店のシューのような出来でした。 焼きたて★冷めたらクリーム＆果物をイン♪簡単に出来ました^ ^ 初めてうまくいきました(*´`)リピします！ 美味しく出来ました 初めて作ったのでふくらみが…(><)けど美味☆また挑戦します！ 小さく作ってみましたっ☆可愛くできてよかったぁ ありがとう♪ あまり上手く膨らみませんでしたが味は最高でした♪,0,0,0,0,0,0,0,0,0,0,0,0,0,0,0,0,0,0,0,0,0,0,0,0
シュークリーム,しっとりシュークリーム,"['しっとり', 'しっとり', 'ふっくら']",他ではなかなか膨らまず悩みましたが、ようやく成功です！美味 しっとり～また作ります！ 美味しいレシピありがとうございます しっとりふっくら、最高です。ありがとうございました。りぴ決定！ しっと～り♪カスタードクリームがまたよくなじむ生地でした^^ とても美味しかったですヽ(*´∀｀)ノ 表面凸凹だけど美味しかったなり♪,0,0.718551959,0,0,0,0,0,0,0,0.69547328,0,0,0,0,0,0,0,0,0,0,0,0,0,0
シュークリーム,チーズカスタードシュークリーム,[],ほぅじ茶さんごめんなさいこのクリーム最高娘のリクエストでクリームパンにしたらまた最高っ美味しいレシピ楽しみにしてます チーズカスタードクリームをロールケーキに使いました！美味し！ 出来た！ちゃんと膨らんでアメリカン彼と彼の家族に喜んで貰えました,0,0,0,0,0,0,0,0,0,0,0,0,0,0,0,0,0,0,0,0,0,0,0,0
シュークリーム,プチ☆シュークリーム,[],参考にさせていただきました！とってもおいしかったです！ 思ったより膨らまなかったけど、その分生クリをどーん！笑笑笑　旨 60個作って15分ほどで完食されました^^Thank you ,0,0,0,0,0,0,0,0,0,0,0,0,0,0,0,0,0,0,0,0,0,0,0,0
シュークリーム,シュークリーム,"['サクサク', 'しっかり', 'ふわふわ', 'ふわふわ']","初シュークリーム　めっちゃ美味しかったです サクサク、フワフワで
美味しいです！ ふわふわ☆しっかりした生地ができました！ つくれぽ１番かなぁ？沢山できて、美味しかったです♪",0.349273366,0,0,0,0,0,0,0,0,0,0,0.863409099,0,0,0,0,0,0,0.364050605,0,0,0,0,0
シュークリーム,ふっくらシュークリーム☆,['ふっくら'],今回生地が少しゆるかったせいかあまり膨らまず(>_<)でも美味 今回も見事に大成功カスタード&生クリ&長女が学校で収穫した苺入 こんなに綺麗に膨らんだの初感激チョコクランチ入りクリームで旨 簡単で美味しく出来ました！ありがとうございました！ 超いびつになっちゃったけど、ふっくらでおいしかったです～♪ こちらのレピシでやっと成功しました！ありがとうございます！！,0,0,0,0,0,0,0,0,0,1,0,0,0,0,0,0,0,0,0,0,0,0,0,0
シュークリーム,普通に美味しいシュークリーム,['しっかり'],"アレンジで砂糖をかけたら少し焦げてしまいました
 分量も手順もしっかりやったので、美味しく上手に焼けました～☆！ うまくいきました！
食べ放題です^^",1,0,0,0,0,0,0,0,0,0,0,0,0,0,0,0,0,0,0,0,0,0,0,0
シュークリーム,黒ごまシュークリーム☆,['バリバリ'],またおじゃまします。だって練り黒ごま減らないから☆うひひ シューもカスターも苦手…でもこれなら食べられます♪見た目もオモロ 黒ゴマカスターも入れてみたよ♪バリッとした黒ゴマシュー皮超好み♪,0,0,0,0,0,0,0,0,0,0,0,0,0,0,0,0,0,0,0,0,0,0,0,0
シュークリーム,簡単 シュークリーム生地,[],家のオーブンでは180度30分でいい感じでした♪ すごくよくできて大満足です！また作ります！ありがとうございます！ シュークリーム初でしたが、よくできて大満足です！また作ります！ 素敵なレシピ有難うございます！実は何回も作らせて貰ってます,0,0,0,0,0,0,0,0,0,0,0,0,0,0,0,0,0,0,0,0,0,0,0,0
シュークリーム,ふっくら☆シュークリームのシュー生地,[],"きれいに膨らみました。ありがとうございました。 膨らみましたーヽ(≧▽≦)ﾉありがとうございました 明日学校で配るようです！美味しくできたとおもいます！ 初めて大成功しました!!また作ります♪
",0,0,0,0,0,0,0,0,0,0,0,0,0,0,0,0,0,0,0,0,0,0,0,0
シュークリーム,失敗しないシュークリーム☆,[],"でかくなったけど美味しく
いただきました！ 生クリーム挟んでみました♪うまくいったかな？また作ります！ クリーム超美味☆簡単で美味しく出来ました♪皮パリっ♪また作るぞ！",0,0,0,0,0,0,0,0,0,0,0,0,0,0,0,0,0,0,0,0,0,0,0,0
シュークリーム,簡単☆ふんわりシュークリーム＆エクレア,['ふっくら'],"生地作り簡単でビックリしました。また作りたいです！ ちゃんと膨らんで美味しかったです！ エクレア風に^^;生地美味しかったです(*^^*) 初めてなので　もっと
練習して　上手になりた～い☆ ﾊﾞﾚﾝﾀｲﾝに！ﾌﾞﾛｸﾞも久々に覗いたら赤ちゃんおめでとう♪ 前回の後１回失敗しまして今回３回目！ふっくら出来て嬉しい＾＾♪ 実はブログ見てます☆５ヶ月娘の寝てる夜中に挑戦ｽﾄﾚｽ発散かもｗ",0,0,0,0,0,0,0,0,0,1,0,0,0,0,0,0,0,0,0,0,0,0,0,0
シュークリーム,ぷちカスタードシュークリーム,[],前回失敗だったのでもう一度作りました！とても美味しかったです 少し失敗してしまいましたが、美味しかったです！ ちっちゃすぎたのかあまり膨らみませんでしたorzでもリピ決定 初めて上手にできました☆美味しかったです(*^∀^*) ちょうどいいサイズで綺麗に焼けました！ありがとうございます♪ プレゼントとして作らせてもらいました！とても美味しかったです♪ 可愛いプチシューが子供達に大うけ！簡単でした♪ありがとう☆,0,0,0,0,0,0,0,0,0,0,0,0,0,0,0,0,0,0,0,0,0,0,0,0
シュークリーム,あっさりシュークリーム,[],シュー皮参考にさせて頂きました♪ほどよい堅さで好みです＾＾ 皮をレシピで作りました♪ミニでちょいハードだけど美味しかったです 初ｼｭｰ☆ｶｽﾀｰﾄﾞゎﾉﾝｵｲﾙﾒﾛﾝあったから入れました 絞りの穴が小さいくてｼｭｰｸﾘｰﾑもﾏｲｸﾛｻｲｽになっちゃ… とっても美味しくできました～(^O^)ありがとうございます♪ 少しふくらみが足りなかったけど、とてもおいしくできました。感謝！,0,0,0,0,0,0,0,0,0,0,0,0,0,0,0,0,0,0,0,0,0,0,0,0
シュークリーム,シュークリーム　シュー皮　基本,['しっかり'],"初めてうまく出来ました♪
とても嬉しかったです オーブンの中ではしっかり膨らんでたのになぁ… 失敗せずに作れました(≧▽≦)
とってもおいしかったです★",1,0,0,0,0,0,0,0,0,0,0,0,0,0,0,0,0,0,0,0,0,0,0,0
シュークリーム,柿カスタードシュークリーム,['とろっ'],"普通のカスタードも♪柿とカスタード合うんですねー美味しかった！ とろとろの中に、柿の食感もあり！おいしかったです☆
 実家でたくさん獲れた柿を使って☆持ち寄り会で喜ばれました♪有難う",0,0,0,0,0,1,0,0,0,0,0,0,0,0,0,0,0,0,0,0,0,0,0,0
シュークリーム,ハロウィンにパンプキンシュークリーム,[],"遅くなりましたが、家で職場で大好評でした。かぼちゃクリーム美味！ みんな喜んでくれました♪ かぼちゃのカスタードおいしすぎるー
友達に大好評でした",0,0,0,0,0,0,0,0,0,0,0,0,0,0,0,0,0,0,0,0,0,0,0,0
シュークリーム,コツ満載！シュークリーム～サクッと～,['ふっくら'],実は何度も作ってます。簡単できれいにできて感激 クリームをチョコにしてみました(^^)vとても美味しかったです♪ 初めてつくりました！膨らむかドキドキワクワクしました！ 同じ写真でごめんネ。レンジで手軽に出来た♪ふっくら膨らんだよ～,0,0,0,0,0,0,0,0,0,1,0,0,0,0,0,0,0,0,0,0,0,0,0,0
シュークリーム,ヘルシー！　シュークリーム,[],"簡単に出来ました！美味しかったです！感謝です！ 簡単でおいしかったです♪
ﾁﾋﾞ用のおやつにﾋﾟｯﾀﾘ♪ 簡単につくれて、しかもおいしかったです!!",0,0,0,0,0,0,0,0,0,0,0,0,0,0,0,0,0,0,0,0,0,0,0,0
シュークリーム,トースター焼きシュークリーム♪,"['サクサク', 'サクサク', 'サクサク', 'とろっ', 'とろっ', 'とろっ', 'パリッ', 'パリッ']",こんがり焼けて外サクサク中とろ～り新しい食べ方に感激です☆ 皮パリッ中とろりん美味！！あっとゆう間に完食しちゃいました笑 表面はさくさく、中のクリームは暖かくてトロッとして美味しかった！ 簡単にリメイクできて、美味しかったです～。 パリッとなった皮がおいしい~♪冷凍シューが甦りました。 プチシューが蘇りました感謝ですチョコシロップかけました～感謝～ プチシューではなく普通サイズでトライ♪さっくりあったか新食感,0,0,0,0,0,0.624067715,0,0,0,0,0,0,0,0,0,0,0,0,0.698363602,0.350467925,0,0,0,0
シュークリーム,レンジで簡単シュークリーム,[],ちょっと膨らまなかった…>_<…でも美味しかったです！ 子どももパクパクおいしかったですわかりやすいレシピ感謝です 初ｼｭｰです↑何種類か試した中で1番簡単♪で超美味しかったです☆ 簡単にできました！ハードシューのような感じで美味しかったです☆ ほんとに簡単で大満足です！もうｼｭｰｸﾘｰﾑ恐くない！！,0,0,0,0,0,0,0,0,0,0,0,0,0,0,0,0,0,0,0,0,0,0,0,0
シュークリーム,シュークリーム,[],中学生の私でもうまく作れました素敵なレシピありがとです！ プチサイズで沢山作りました♪すごく美味しかったです(o^^o) バースデーケーキのトッピングに活用しました！！プチシュー可愛い 初めて成功したよクリームの入れ方分かんなかった～＞＜また作る やったぁ初レポに間に合った＊クリームは別だけどベストマッチ♪,0,0,0,0,0,0,0,0,0,0,0,0,0,0,0,0,0,0,0,0,0,0,0,0
シュークリーム,オリーブオイル シュークリーム,[],生地が柔らかくなりすぎたかな？また挑戦します。あるカップにのせてみようかな。丸くしたーい♪ エクレアにしました。そんなにオリーブオイルのクセもなくおいしい！ バターなくて急遽！！あまり膨らまず泣只今再挑戦なう！ サクふわシューが出来て感激！素敵なレシピありがとうございます～！,0,0,0,0,0,0,0,0,0,0,0,0,0,0,0,0,0,0,0,0,0,0,0,0
シュークリーム,キレイにふくらむ★シュークリーム,[],子どもと一緒に作りました。いろんな形だけど、ばっちり膨らみました お陰様でリベンジ成功です。励ましのレス、ありがとうございました♪ 膨らみました！オーブンに入れる時に霧吹きでシュシュしました♪,0,0,0,0,0,0,0,0,0,0,0,0,0,0,0,0,0,0,0,0,0,0,0,0
シュークリーム,卵1つで食べ切り＊定番シュークリーム,[],"うまく焼けました！ありがとうございました(^^) 初めて膨らみました！
形はいまいちだけど、嬉しい♪感謝です 初めてでも膨らんで嬉しい〓クリームはチーズカスタードにしましたw 初シュー＊クリーム沢山で頂きました(^^)ご馳走様でした♪",0,0,0,0,0,0,0,0,0,0,0,0,0,0,0,0,0,0,0,0,0,0,0,0
シュークリーム,ラブリー♪天使のシュークリーム,[],天使の輪がねじり鉢巻です(^^) ステキなレシピありがとう！ ブサイクな天使です( ´艸｀)可愛くておいしかったです♪ かわいい～my angel(#^.^#)うっとり ラブリーすぎます♪ありがとうございます感謝感謝！！ うちにも天使が飛んできました～♪お～いし～！ ｽｶｲﾂﾘｰ並みのｼｭｰｸﾘｰﾑﾀﾜｰ♪美味しく簡単★ﾘﾋﾟ♪,0,0,0,0,0,0,0,0,0,0,0,0,0,0,0,0,0,0,0,0,0,0,0,0
シュークリーム,ゆで栗ペーストで☆和栗のシュークリーム,[],栗のクリームが美味しかったです！ペーストはリピ決定です！ このレシピ最高です 初めて作りました。とても美味しいです(^^),0,0,0,0,0,0,0,0,0,0,0,0,0,0,0,0,0,0,0,0,0,0,0,0
シュークリーム,たこ焼きみたいシュークリーム,[],"一目惚れで前から作りたくて…ようやくw可愛くて皆に喜ばれました☆ valentineに作りました♪可愛いです! とてもうけました＾＾イチゴで紅生姜風♪楽しくなるレシピ感謝です！ すごく可愛いです(*≧pq≦)本物みたい！ 中に入れたカスタードの残りをマヨネーズ風に。 バレンタインに
ホワイトチョコでマヨっぽくしてみました。",0,0,0,0,0,0,0,0,0,0,0,0,0,0,0,0,0,0,0,0,0,0,0,0
シュークリーム,シュークリーム,[],リピです～2倍の分量で大きなシューを作りました！美味美味 小さめに、プチシューをたくさん作りました。おいしかったです! やっと膨らむレシピにたどり着きました～。美味でした。感謝です。,0,0,0,0,0,0,0,0,0,0,0,0,0,0,0,0,0,0,0,0,0,0,0,0
シュークリーム,食べきれないシュークリーム☆冷凍でアイス,[],"賞味期限まじかでしたので、助かりました
(^_^;) お土産のシュークリームで美味しかったです！ クリームがアイスみたいな食感になって美味しかったです(^ω^) 娘と食べました食べきれなかったシュークリームもアイスで幸せ♪",0,0,0,0,0,0,0,0,0,0,0,0,0,0,0,0,0,0,0,0,0,0,0,0
シュークリーム,ふわふわん♪なプチシュークリーム,['ふわふわ'],ちょっと小さすぎたかな？ふわふわで美味しいパクパク食べました♪ この分量で２０個のプチシューを作りました☆詳しい作り方に感謝 ガチリピです（笑）白鳥さん形も、安心して作れるレシピですね～☆ プチのつもりが、少し大きくなりました（笑）美味しくできました～☆ かわいいプチシューができて娘が大喜びです♪ありがとうございます,0,0,0,0,0,0,0,0,0,0,0,1,0,0,0,0,0,0,0,0,0,0,0,0
シュークリーム,ザラメでさくさく☆シュークリーム,"['カリカリ', 'サクサク', 'サクサク']",ザラメでカリカリ。生地は軽くておいしかったです^^ 時間がたつとどうしても湿気てしまうけどザラメでトップはカリ〃♪ ザラメさくさく~☆このためにザラメ買って正解♪また作ります。 初ザラメ！おかげで香ばしくてサク〃♪(*´艸`)39 美味しく面白くできました。 簡単で美味しかったー!ザラメのさくさくがたまらないですね^^,0,0,0,0,0,0,0,0,0,0,0,0,0,0,0,0.832989667,0,0,0.553288545,0,0,0,0,0
シュークリーム,黒いシュークリームの皮,[],中は苺クリーム♪黒いシューはインパクト大ですね！プレゼント用です ブラックココア初体験☆他の色とのコントラストが楽しめて面白い！ R2全開で今回も失敗作ごめんよ味は美味しいんだけど…見た目が BLココアを使ったシュー皮は、初めてです。めちゃ美味しいかった ５０点の出来。失敗ばかりのレポでごめん≧Д≦黒さは申し分ない♪ やっとシュー皮焼いたよ♪中身はチョコカスタード皮のみだけど美味,0,0,0,0,0,0,0,0,0,0,0,0,0,0,0,0,0,0,0,0,0,0,0,0
シュークリーム,魔法の（簡単）シュークリーム,['サクサク'],簡単でよく膨らみました 実は何度も作ってます♪シュー皮がサクサクで美味しいね(^-^)v まさか鍋で作れるとは！美味しかったです！！ シュー生地のレシピありがとうございます＼(^o^)／ クッキーシューと普通ので二種類作りました！簡単でビックリ！,0,0,0,0,0,0,0,0,0,0,0,0,0,0,0,0,0,0,1,0,0,0,0,0
シュークリーム,基本の☆シュークリームの皮☆,"['ふわふわ', 'もちもち']",彼氏にあげたら、一口で幸せそうにたべてくれました☆ありがとう！！ もちもちふんわりとできてカスタードにもばっちり♪お店のみたい← 大成功！大感激☆テンション上がりました(笑)有難うです☆★,0,0,0,0,0,0,0,0,0,0,0,0.742283869,0,0,0.67008556,0,0,0,0,0,0,0,0,0
シュークリーム,ノンオイル♪　レンジで簡単シュークリーム,[],子供がホイップもプラスしてペロリ。また作ります(*´▽｀*) こんな感じで良いのでしょうか...。心配だけど簡単に出来ました! ちょっと小さくしすぎたかな？ でもちゃんと空洞でした(^o^)v つい食べ過ぎちゃうシュケットもノンオイルなら安心…☆,0,0,0,0,0,0,0,0,0,0,0,0,0,0,0,0,0,0,0,0,0,0,0,0
シュークリーム,シュークリームでクリスマスツリー☆,[],"参考にさせてもらいました。
おいしくできました イチゴ嫌いが居るので質素にみえますが^^;パーティぽい これでテーブルが賑やかに☆ありがとうございました!!☆ 手作りシュー＆クッキーで♪娘と一緒に作ってみました☆ 手作りシューでパパの誕生日に☆可愛いアイデアに一目惚れ♪",0,0,0,0,0,0,0,0,0,0,0,0,0,0,0,0,0,0,0,0,0,0,0,0
シュークリーム,2種類のクリーム入りシュークリーム,[],息子のリクエストに答えて今度はイチゴ入りです。レシピありがとう！ 初めてのシュークリーム、とっても美味しく出来て大満足。 ２種のクリームで美味しさ倍増です＾＾倍量で作っても良かったかも！,0,0,0,0,0,0,0,0,0,0,0,0,0,0,0,0,0,0,0,0,0,0,0,0
シュークリーム,まっくろくろすけ　シュークリームの作り方,[],超簡単で可愛くなりました！美味しかったです(^O^) 娘の4歳の誕生日ケーキに。一つだけ黒くて目立ちました。 プチシューを焼いてチョコでコーティング♪可愛く出来た！かなぁ～,0,0,0,0,0,0,0,0,0,0,0,0,0,0,0,0,0,0,0,0,0,0,0,0
シュークリーム,★簡単失敗なし！シュークリーム★,[],初シュークリームです！無事成功！また作ります～☆ 初めてシュー作りました☆焼き時間に気をつけました♪またチャレンジ 簡単においしく出来ました☆クリームをつめる前の状態です☆ カスタードクリームも作りました。とても美味しくできました。,0,0,0,0,0,0,0,0,0,0,0,0,0,0,0,0,0,0,0,0,0,0,0,0
シュークリーム,シュークリーム,['しっとり'],"好みの硬さのシューがてきました。ちゃんと膨らんだ(≧∇≦*) とても美味しかったです(^ｖ^)また作りたいです♪ しっとりした感じが良く♪私好み♪
失敗な出来て感謝です♪",0,1,0,0,0,0,0,0,0,0,0,0,0,0,0,0,0,0,0,0,0,0,0,0
シュークリーム,レンジでできる！！シュークリーム,['ふわふわ'],1.5倍量でプチ30個！人生初でシュー生地成功しました！感謝！！ ちょっと焼き時間が足りなかったみたい～（；；）フワフワ過ぎました 初めてレンジで生地作り。思ってたより簡単でおいしかったです～♪,0,0,0,0,0,0,0,0,0,0,0,1,0,0,0,0,0,0,0,0,0,0,0,0
シュークリーム,簡単・シュークリーム☆,[],いつも上手に出来上がるので大満足です。 一口大のプチシュー。上手く出来ました！ お菓子作り初心者の私でもホントに失敗しませんでした！嬉しいです♪ 再び、作りました。皮がまたまた綺麗に焼けました。 大きめで作りました＾∀＾とっても簡単でよく膨らんでうれしいです♪ とっても美味しいです。初めて成功しました。 失敗無く上手にできました！感激★,0,0,0,0,0,0,0,0,0,0,0,0,0,0,0,0,0,0,0,0,0,0,0,0
シュークリーム,いちごとシュークリームの正しい食べ方♪,[],いちごのシュークリームでダブルイチゴ♪たまらなく美味しい。ステキなレシピに感謝^_^ 小粒いちごいっぱい入れて食べました♪すっごく美味しい！ チョコも入れて美味しかったです！ 簡単でおいしかったーーー！立派なスイーツに いちごいれると凄い幸せな味わいですね♪気に入りました♪,0,0,0,0,0,0,0,0,0,0,0,0,0,0,0,0,0,0,0,0,0,0,0,0
シュークリーム,大好き！シュークリーム！！,[],"膨らみが足りませんが、バナナシューにしてたべました。美味しい。 初シューです！レシピがとても分かりやすくてちゃんと膨らみました★ 初めてシュークリームがちゃんと膨らみました!!
リピ確定です",0,0,0,0,0,0,0,0,0,0,0,0,0,0,0,0,0,0,0,0,0,0,0,0
シュークリーム,ポンデ＊チョコシュークリーム,['もちもち'],残念ながら膨らみませんでした。でも6歳の息子は喜んで食べました！ もちもちシュークリーム生地を作りたくて！姪っ子に大好評でした！ ココア無しミニサイズでムッチムチの食感で手が止まりません 生地は最高！だったけど、ｶｽﾀｰﾄﾞよりﾎｲｯﾌﾟがいいかな？； しつこくてすみませ～ん★旦那ちゃんのリクエストでまた作りました おぉぉ美味い～タピオカスターチで作りましたまたつくりま～す,0,0,0,0,0,0,0,0,0,0,0,0,0,0,1,0,0,0,0,0,0,0,0,0
シュークリーム,失敗しらずのシュークリーム生地,[],"3人目のレポでようやく成功しました感激本当に素敵なレポに感謝 初めてこんな上手に出来ました！分かりやすくて良かったです 本当に失敗知らずですね！結構リピしてます～ 実は何回作ったかわからないくらいのﾘﾋﾟです。今日はエクレアで♪ ぷちシューをたっくさん焼きました
中のクリームはお楽しみ…♪",0,0,0,0,0,0,0,0,0,0,0,0,0,0,0,0,0,0,0,0,0,0,0,0
シュークリーム,コツを押さえて誰でも膨らむシュークリーム,[],クッキーシューでレシピは違うけど、作り方のコツを守って試したら膨らみました。シュー生地膨らむの嬉しいです！ このレシピで作ったら1回で成功しました！ありがとうございます! 料理下手な私がシュークリーム作れたと感激するくらいの出来でした ふくらみました(≧∀≦)！感激です!!ありがとうございました☆！ 初めてシュー皮作りました～膨らんで嬉しい(//∇//) 何度も失敗。このレシピにして、初めて成功！これからは、これで。 やった～♪　昨日生地を失敗して今日また再挑戦しました！うれしいな,0,0,0,0,0,0,0,0,0,0,0,0,0,0,0,0,0,0,0,0,0,0,0,0
シュークリーム,シュークリーム,['すかっ'],"別レシピで失敗して･･･このレシピに変えたら大成功！！感謝です！ とても 綺麗に焼けました(*^o^*) ありがとう また、失敗しちゃいました！
何これ？！もち？みたいな。
 失敗しました（；；）ガーン
でも、作り方はとても
分かりやすかったです\（＞U＜）
また挑戦しますっ！ リピ！やっぱりおいし～シュークリームさいこ～(*^^)v",0,0,1,0,0,0,0,0,0,0,0,0,0,0,0,0,0,0,0,0,0,0,0,0
シュークリーム,焼き以外は電子レンジで♪シュークリーム,[],初めて綺麗に膨らんで超感動ですっ!!絶対リピしますありがとう 簡単！失敗なし！実はもう何回も作っています！ありがとうございます 自分誕生日に皮初成功∩^ω^∩嬉しいです♪ 卵を入れるタイミングがわからず最後に入れたらできました(笑,0,0,0,0,0,0,0,0,0,0,0,0,0,0,0,0,0,0,0,0,0,0,0,0
シュークリーム,シュークリーム☆～シュー皮～,['サクサク'],"皮が食べ応えあっておいしい♪ホイップクリームと苺アイスの2種類 はじめてのシュークリームおいしくできました。ありがと 満足できるﾚｼﾋﾟにやっと巡りあいました!友人にﾌﾟﾚｾﾞﾝﾄ さくっとできた♪ありがとう！
彼にも誉められました♪",0,0,0,0,0,0,0,0,0,0,0,0,0,0,0,0,0,0,1,0,0,0,0,0
シュークリーム,失敗させないシュークリーム！！,[],初挑戦！１度目は失敗。めげずに２度目はこのレシピで！やったぁ～！ プチシューに息子にお店の味と一緒…と言われました♪ また作っちゃいました。失敗なしで美味しくいただきました。 膨らみました。クリームにブルーベリージャムをいれてみました。 とってもとっても美味しいシュー生地ですねまた作ります,0,0,0,0,0,0,0,0,0,0,0,0,0,0,0,0,0,0,0,0,0,0,0,0
シュークリーム,目からウロコ！の簡単シュークリーム♪,[],二度目で大きさバラバラですみません。感想を日記に載せますね。 シュークリーム初挑戦でした。来月リベンジします。 すご～い！ちゃんとパックリさく２成功☆ダブルCrでリッチに美味し 雑穀ミックスですが美味しく出来ました♪シュー苦手でリベンジします とっても簡単でしたー♪ピンク色になるはずだったのに焼き色の勝ち… とっても簡単～リピ決定()今度は彼にごちそうさま カスタードが足りなくて餡入りも♪めっちゃ美味しかったです！感謝★,0,0,0,0,0,0,0,0,0,0,0,0,0,0,0,0,0,0,0,0,0,0,0,0
シュークリーム,サラダ油でヘルシーシュークリーム,['サクサク'],若干膨らまなかった(´Д｀;)でもおいしく出来ました♪ 今まで作ったシューで一番美味しいです。レシピに感謝です。 サラダ油でもちゃんと出来るんですね！しかもサクサクおいしい♪,0,0,0,0,0,0,0,0,0,0,0,0,0,0,0,0,0,0,1,0,0,0,0,0
シュークリーム,いちごのハートシュークリーム♪,[],"カスタードが苦手な妹も食べてくれました！
ありがとうございます 初めてシュークリーム成功しました(*´∀`) ﾊﾞﾚﾝﾀｲﾝに挑戦♪彼も美味しいって大喜びでした(*^^*)v 強力粉にしてみました！父にプレゼントしましたよ♪♪ バレンタインにチョコ風味のシュー生地で作ってみました♪ バレンタイン用に作りました。とっても可愛くて美味しかったです!!",0,0,0,0,0,0,0,0,0,0,0,0,0,0,0,0,0,0,0,0,0,0,0,0
シュークリーム,失敗しらずのシュークリーム,[],幾つか膨らみ不足ありましたが初めて上手に膨らみました♪ シュークリーム、初めての大成功です。とっても美味しいです。 シュー生地がいつもつぶれてしまうのに、初めて成功しました！！ 超簡単なのに超膨らみました♪　すごぉ～～～　 別のレシピで失敗したから不安だったけど、おいしく出来ました♪,0,0,0,0,0,0,0,0,0,0,0,0,0,0,0,0,0,0,0,0,0,0,0,0
シュークリーム,紫いものシュークリーム,[],上手く絞れなかったケド紫芋のクリームが美味しかったデス。 紫色が鮮やか♪シャンティとﾀﾞﾌﾞﾙでたっぷりｸﾘｰﾑで!! とても美味しく焼けました☆また作ってみま～す!!,0,0,0,0,0,0,0,0,0,0,0,0,0,0,0,0,0,0,0,0,0,0,0,0
シュークリーム,★ミニサイズ★シュークリーム,['ふわふわ'],"美味しくできました☆ 初めて作りました☆おいしかったです！！ シュー生地成功♪半分は自分で食べちゃいました^^;ご馳走様です☆ すﾝごく簡単にできちゃいました♪また作りますう☆ 私にもできました♪ふわ②で美味しい！！たくさん出来るんで、プレで 人生初☆シュークリーム♪かんたん、おいしい～ありがとう 初シュークリーム作り♪
とってもおいしくできました！ふわふわ☆",0,0,0,0,0,0,0,0,0,0,0,1,0,0,0,0,0,0,0,0,0,0,0,0
シュークリーム,簡単♪一口サイズのシュークリーム,['ぷっくり'],ちょっとレシピをはしょりましたが笑簡単に出来ました(o^^o) シュークリーム初挑戦です。クロカンブッシュにしてみました☆ ぷっくり膨らみおいしくて大好評でした♪,0,0,0,0,0,0,0,0,0,0,0,0,1,0,0,0,0,0,0,0,0,0,0,0
シュークリーム,レンジでお手軽シュークリーム,[],このレシピで必ず膨らむようになりました！今日も手土産にします！ プレゼント用に綺麗に膨らみました～リピってます！ ボウル１つで凄く簡単なのにこの膨らみ！このレシピ以外もう無理かも バレンタイン用にチョコつけてみました。美味しいかったです。 超簡単で失敗なく作れました！しかも美味しい☆,0,0,0,0,0,0,0,0,0,0,0,0,0,0,0,0,0,0,0,0,0,0,0,0
シュークリーム,香ばしいシュークリーム,"['カリカリ', 'カリッ', 'サクサク', 'サクサク']","シンプルで美味しかったです！
苺をはさんでみてもいいです。 ちャンとふくらみましたあ♪♪感動↑↑↑ 初めて作りました！簡単にサクサクシューが完成！嬉しいな♪ つぶれずカリカリ♪大成功＾＾ありがとうございました。 カリッカリで最高！また作ります☆ サクサク感がたまりません！本当っ香ばしい匂いでした（＾Ｑ＾） 過去に一度もふくらんだことがない私でもキレイに焼けました！",0,0,0,0,0,0,0,0,0,0,0,0,0,0,0,0.671153782,0.592300949,0,0.445793884,0,0,0,0,0
シュークリーム,サクサクまんまるクッキーシュークリーム,['サクサク'],"再び挑戦し、大成功！ 美味しい美味しいとみんなに褒めてもらいました*\(^o^)/* さくさくまんまるに出来ました(*´∀`)♪
ありがとうございます",0,0,0,0,0,0,0,0,0,0,0,0,0,0,0,0,0,0,1,0,0,0,0,0
シュークリーム,さくさく☆シュークリーム,['サクサク'],めっちゃ簡単で美味しくできました生クリームたっぷりいい感じ うまく行きました！！ シュー生地を参考にさせていただきました。さくさく感がいいですね。,0,0,0,0,0,0,0,0,0,0,0,0,0,0,0,0,0,0,1,0,0,0,0,0
シュークリーム,記念日や誕生日にシュークリームタワー,[],子どもが楽しく作れました☆有り難うございました☆ 23年結婚記念日☆素敵なアイデアありがとう！楽しく美味しく最高！ 子供たちと楽しく作れました。ロールケーキも重ねておいしかったです 4才お誕生日に*\(^o^)/*簡単にできて良かったです♪,0,0,0,0,0,0,0,0,0,0,0,0,0,0,0,0,0,0,0,0,0,0,0,0
シュークリーム,シュークリーム,[],"中にたっぷりカスタード100%このレシピ最強です♪ 初めてでしたが成功しました!中のクリームも美味しかったです♪
 カスタード100%で作りました！最高でした♪またつくります♪ 生地が難しかったです（；＿；）また挑戦してみたいと思いました！ 膨らみがビミョーですが、わりと簡単にシュークリーム出来て嬉しい！ １回失敗したけど美味しかったですΨ( 'ч' )",0,0,0,0,0,0,0,0,0,0,0,0,0,0,0,0,0,0,0,0,0,0,0,0
シュークリーム,絶対膨らむ！シュークリーム,[],初めて作ったけど、うまく膨らみました！ありがとうございました。 ﾄﾞｷﾄﾞｷしながらﾁｬﾚﾝｼﾞ｡ﾋﾞｯｸﾘ､うまく膨らみました 材料は半分にして作りました！うまく出来てよかったです！！ 本当に上手く、膨らみました。３代続くレシピに感謝です！,0,0,0,0,0,0,0,0,0,0,0,0,0,0,0,0,0,0,0,0,0,0,0,0
シュークリーム,始めてでも簡単に本格シュークリーム,[],チョコクリームも挟んで見ました(*'.'*) 初めてのシュークリーム作りでしたがちゃんとそれっぽくなりました♪ ちょっと平べったくなっちゃいましたが可愛くできました プレゼントに作りました,0,0,0,0,0,0,0,0,0,0,0,0,0,0,0,0,0,0,0,0,0,0,0,0
シュークリーム,シュークリームツリー☆クロカンブッシュ,[],子どもたちと楽しく飾り付けできました(^^) 子供と一緒に作れて楽しいクリスマスになりました☆ 子供と一緒に作りました(≧∇≦) 旦那が飾り付け担当でした(^^)おかげさまで可愛く出来ました！,0,0,0,0,0,0,0,0,0,0,0,0,0,0,0,0,0,0,0,0,0,0,0,0
シュークリーム,基本のシュークリーム生地,[],美味しいし簡単だったので本当に作ってよかったです！(*>ω<*) 三度目の挑戦でなんとかうまく出来ました!!クリチとヨーグルトで☆ 初めて作りました！上手く完成できて良かったです。また作りますね♪ なぜでしょう…膨らみませんでした。でも息子には好評でした(^^) 初シュークリーム(*^^*)膨らんでよかった♪美味しかったです！ 簡単においしくできました,0,0,0,0,0,0,0,0,0,0,0,0,0,0,0,0,0,0,0,0,0,0,0,0
シュークリーム,簡単シュークリーム♪,['サクサク'],"サクサク生地。 すごく美味しくて
親やお兄ちゃんからも
好評でした!(´ω`*) 作ってみました((*´∀｀*))大成功なり。また、作ります♪ 美味しかったです
",0,0,0,0,0,0,0,0,0,0,0,0,0,0,0,0,0,0,1,0,0,0,0,0
シュークリーム,アメリカで簡単シュークリームの皮,[],ものすごく簡単にできました！アメリカで食べれるとは感激です！ 同じくアメリカ在住です。簡単に上手にできました！ スーパーボール用に作りました！簡単計量で美味しく出来ました 父の誕生日に作りました家族皆美味しいって言ってくれました！ 昔失敗してシュー皮は難しいと思っていたのに簡単で目から鱗のレ視日,0,0,0,0,0,0,0,0,0,0,0,0,0,0,0,0,0,0,0,0,0,0,0,0
シュークリーム,米粉の簡単シュークリーム,[],おいしかったのでまた作りましたさらにシューが膨らんだので嬉しいいちごもはさんで午後ティーしました★ご馳走様でした！！ 初めてシュークリームを作ってみました！米粉でさっぱりあっさり美味しくできました！ありがとうございました！ クリスマスに作りました。ありがとうございました♪  (^o^)/ 美味しかったです♪ 初めてのシュー生地で膨らんだので感動です！米粉だからか破れにくい グルテンフリーの旦那へ。クリームも作りました,0,0,0,0,0,0,0,0,0,0,0,0,0,0,0,0,0,0,0,0,0,0,0,0
シュークリーム,ふわふわシュークリーム,[],形にバラツキができてしまいます(>_<) とても分かりやすい説明だったので、今までで一番上手に出来ました★ 形が悪くてごめんなさい。でも味はバッチリでした♪また挑戦します,0,0,0,0,0,0,0,0,0,0,0,0,0,0,0,0,0,0,0,0,0,0,0,0
シュークリーム,可愛い！シュークリーム♪レンジで簡単！,[],友達の誕生日に。とても喜んでもらえました！ 友達がとても喜んでくれました！上手にできてよかった(≡^∇^≡) 初めて作りました(^-^)うまくできて感激です(;o;)☆,0,0,0,0,0,0,0,0,0,0,0,0,0,0,0,0,0,0,0,0,0,0,0,0
シュークリーム,サクサク☆チョコシュークリーム,['濃厚'],"立食パーティーで作らせて頂きました！食べた人みんな絶賛でした あんまり膨らみませんでした。。。でも許容範囲！美味しいです チョコホイップクリームが余っていたので。ココア生地もいいですね。 チョコが濃厚でとても美味しかったです！
クリーム入れ過ぎましたw おいしかったです(*^^*) クリームが生地と合っておいしいです！バレンタインはこれで決まり♪ バレンタインに！美味しかったです、ありがとう♪",0,0,0,0,0,0,0,0,0,0,0,0,0,0,0,0,0,0,0,0,0,0,0,1
シュークリーム,シュークリームのカスタード,[],"甘すぎない昔ながらの優しい味わいがとても気に入りました カスタードクリームすごいおいしかったです！中学生の私でも簡単 カスタードクリームを使って苺タルトを作りました。美味しかった カスタードを参考に！
おいしかったです(o^^o)",0,0,0,0,0,0,0,0,0,0,0,0,0,0,0,0,0,0,0,0,0,0,0,0
シュークリーム,シュークリーム＊しっかり生地,[],エクレアになりました！いびつだけど膨らみました～ 生地がサックサクで美味しかったです(*´∀｀*) 作らせていただきました膨らまず失敗しましたがリピで挑戦します,0,0,0,0,0,0,0,0,0,0,0,0,0,0,0,0,0,0,0,0,0,0,0,0
シュークリーム,お花見に☆失敗なしのシュークリーム,[],"大成功でした！素敵なレシピをありがとうございます。 手こずったけど完成☆甘々です*\(^o^)/* 初めてのシュー作り！！
失敗なくできて、とってもうれしいです 美味しくできました！
ありがとう！ 簡単にできて最高～
今からクリーム作ってひな祭りに食べます♪ おいしくできました！バレンタインリピしたいｗ 生クリーム入りで。職場でおいしい～の連発でした。また作ります",0,0,0,0,0,0,0,0,0,0,0,0,0,0,0,0,0,0,0,0,0,0,0,0
シュークリーム,超簡単☆サクサクなシュークリームの生地,"['サクサク', 'サクサク', 'サクサク']","しぼんだ物もあるけど、おいしくできました('-^*) 初シュー☆予想外に簡単！しかもちゃんと膨らんで感動(´∀｀) 子供用にプチシュー(^O^)/サクサクで大満足☆ 5才の娘と作りました。サクサクにできて大喜び！ 簡単なのにサクサクうまうま♪
",0,0,0,0,0,0,0,0,0,0,0,0,0,0,0,0,0,0,1,0,0,0,0,0
シュークリーム,トースターでプチシュークリーム★,[],"シュークリームを初めて作りました。
美味しかったです。 バレンタインに！膨らんで感動！カスタードも美味しかったです！ 娘の誕生日に作りました♪簡単･美味しぃ(*´ω｀*) 初レポです！トースターでシュークリームが出来るなんて感激です！ バレンタインに作りました＾＾
あげるの楽しみ☆",0,0,0,0,0,0,0,0,0,0,0,0,0,0,0,0,0,0,0,0,0,0,0,0
シュークリーム,お手軽・簡単！？シュークリーム,['ぷっくり'],"美味しそうに膨らみました！ありがとうございます(^^)/

 大成功～ありがとう!!チョコクリーム入れてみました～V(^^)
 手軽でいいですね～プチシューにしてみました(^^)ありがとう～！ バターがなくても作れました。これならいつでも作れますっ♪ 初シュークリーム♪綺麗に膨らんで感動！！有難う御座いました☆ ぷっくり可愛くできちゃったぁぁ♪焼いてる間ずっと釘付け！！",0,0,0,0,0,0,0,0,0,0,0,0,1,0,0,0,0,0,0,0,0,0,0,0
シュークリーム,ﾛｲﾔﾙﾐﾙｸﾃｨｰ☆シュークリーム,[],"クリームを参考にさせてもらいましたv これは美味しいです…！ 今まで作ったお菓子の中で一番の傑作！ シューの生地は上手に出来ましたー！
クリームちょと固め＾＾； 寒天みたいなクリームになっちゃいましたが;美味しかったです",0,0,0,0,0,0,0,0,0,0,0,0,0,0,0,0,0,0,0,0,0,0,0,0
シュークリーム,ふんわり　シュークリーム,[],失敗して作る事のなかったシュークリーム(ﾉ∀`)このレシピで成功 人生初のシュー☆ ふくらんでくれて嬉しい！またリピします 失敗なく簡単にできました～。いつもレシピ愛用してます♪,0,0,0,0,0,0,0,0,0,0,0,0,0,0,0,0,0,0,0,0,0,0,0,0
シュークリーム,サックリ硬めの皮のシュークリーム②,"['カリカリ', 'サクサク', '硬い']",この位硬いの、探してました！分量は守り、鍋で沸騰させてから粉を混ぜて、火から下ろして溶き卵を加える方法でも出来ました！ 粉の半分を強力粉に。厚めの皮になり大満足。差し入れ用に個包装！ ご主人様のおやつに( *´艸｀)超サクサク！ハードさにビックリ☆ カリカリおいしい生地でした☆もうちょっと膨らむようにがんばる♪ ちょっとふくらみが微妙。皮はすごくおいしかったです♪ きれいに出来ました♪素敵なレシピありがとうございます♪ 今まで本当に苦手だったシューがっこんなにこんもり♪嬉しいです！,0,0,0,0,0,0,0,0,0,0,0,0,0,0,0,0.832989667,0,0,0.553288545,0,0,0,0,0
シュークリーム,ふんわりシュークリーム,['ふわふわ'],"綺麗に膨らんで凄く嬉しかったです。素敵なレシピをありがとうです。 リピです♪また上手く膨らみました自分用＆お土産にしました☆ 失敗せず一回でふくらみました！カンタンでふわふわで感動です☆
",0,0,0,0,0,0,0,0,0,0,0,1,0,0,0,0,0,0,0,0,0,0,0,0
シュークリーム,　ちゃんと膨らむ　★シュークリーム★,['しっかり'],5種類のレシピを試してこちらが一番きれいに膨らみました！ 生地、クリーム共にめちゃくちゃおいしかったです（＾＾）！ めっちゃうまいっ(●´∀`丱これマジでうち作ったん!?てくらい♪ 参考にして作らせていただきました！お父さんからも好評でした♪ はじめて作ったけど、しっかり膨らみました☆,1,0,0,0,0,0,0,0,0,0,0,0,0,0,0,0,0,0,0,0,0,0,0,0
シュークリーム,さくさくっ!シュークリーム☆,['カリッ'],"初めて作りましたがすごくおいしくできました!また作ります サクカリッのシューになりました★いちごで飾って豪華に頂きます～♪ 私としては上出来!!!
また作りますね!!!",0,0,0,0,0,0,0,0,0,0,0,0,0,0,0,0,1,0,0,0,0,0,0,0
シュークリーム,サックリ硬めの皮だよ♪シュークリーム①,[],友達の娘さんの誕生日に作りました☆硬めの皮、美味しいです☆感謝 感動！！子供たちも喜んで食べてました！ おいしかったです。ちょっとへこんじゃったので、リベンジします！ はじめてちゃんとシュークリームになりました♪おいしかったです☆,0,0,0,0,0,0,0,0,0,0,0,0,0,0,0,0,0,0,0,0,0,0,0,0
シュークリーム,かんたん☆シュークリーム,[],"こんなに簡単に出来るなんて…また作ります☆ 粉砂糖忘れた…キレイに膨らんでうれしい♪おいしかったです☆ 中学の時に失敗して以来避けてましたが大成功で感動★また作ります！ 実はこれで3回目ｗ
とってもおいしかったです!! またまた作っちゃいました☆★美味しすぎてハマります♪♪ とっても美味しくできました＾＾*ありがとうございます♪ 無駄に甘くなくおいしい★余っていたホイップクリームも挟みました♪",0,0,0,0,0,0,0,0,0,0,0,0,0,0,0,0,0,0,0,0,0,0,0,0
シュークリーム,電子レンジで簡単☆シュークリーム,[],膨らんだ～！生地もレンジで簡単でした＾＾リピします♪ 初シュークリームです＾＾成功してよかったぁ♪いっぱい出来ました 倍量で☆シュークリームもう買わなくてもいいじゃんってダー大絶賛♪ とても簡単にできました。おいしかったです。 シュークリームってこんな簡単に出来るんですね!!しかも美味vv このレシピで、成功したので嬉しかったです♪,0,0,0,0,0,0,0,0,0,0,0,0,0,0,0,0,0,0,0,0,0,0,0,0
シュークリーム,苺シュークリーム,[],美味しく出来てとっても簡単ですね。少し食べたい時にピッタリ。 とってもおいしいレシピをありがとうございます☆ あまりうまくできませんでしたが、喜んでもらえました。ありがとです 20年振りのシューです。美味しかったです♪分量も手ごろです ココアカスタードクリーム入り♪ １歳の息子にも食べさせられるぐらい優しい味でした♪,0,0,0,0,0,0,0,0,0,0,0,0,0,0,0,0,0,0,0,0,0,0,0,0
シュークリーム,★☆ボンバ☆★　～シュークリーム～,[],久しぶりに作りました＾＾ｖ相変わらず失敗知らずで、サイコー☆ ちょっとアレンジして「エクレア」です～☆ と～っても簡単なのに、美味しい。あっと言う間にできてびっくり！,0,0,0,0,0,0,0,0,0,0,0,0,0,0,0,0,0,0,0,0,0,0,0,0
シュークリーム,シュークリーム,['サクサク'],"アーモンドスライスバージョンです♪焦げたけど美味しかったですよ☆ 膨らんだ～膨らんだ～サックリ美味しいシュークリームに感激 ちゃぁ～んと膨らんでくれたぁぁぁ～！おいしかったですっ 私好みのシュー生地★ちゃんとふくらんでくれて嬉しい♪ごちそうさま ｼｭｰはいつも必ず木瓜さんのﾚｼﾋﾟです。
子供もお気にいり！",0,0,0,0,0,0,0,0,0,0,0,0,0,0,0,0,0,0,1,0,0,0,0,0
シュークリーム,サックサク♪シュークリームー卵白残さず！,['サクサク'],"美味しかったです♪ 膨らみ不足？オーブンの温度のせい？再挑戦します。 卵白残さず!！に感動♪膨らみ不足なのでﾘﾍﾞﾝｼﾞ頑張ります☆ シュークリームって難しいのに綺麗に焼けた～♪あぁ、嬉し！ありがと 初シュークリームで美味しく出来ました!!素敵なレシピに感謝です 美味しかったです。
リピしまぁす。
 余ってた卵白救済！サクサクシューおいしっo(>∀<)o",0,0,0,0,0,0,0,0,0,0,0,0,0,0,0,0,0,0,1,0,0,0,0,0
プリン,タルトタタン風りんごのプリン,[],"深夜に作り始めました！朝になったら食べまーす！楽しみ！
 綺麗に写せなくて失礼！とても美味しかったです♪ごちそう様 強火で蒸したからかすが入ってしまいました…が、美味しかったです！",0,0,0,0,0,0,0,0,0,0,0,0,0,0,0,0,0,0,0,0,0,0,0,0
プリン,なめらか！絶品プリン(クレームブリュレ),"['なめらか', 'なめらか']",ほんとになめらかでした！美味しかったです(о´∀`о) 実は旦那チャンが作ってくれました！美味～！！ こんななめらかなプリンを探してました。とっても美味しかったです。,0,0,0,0,0,0,0,1,0,0,0,0,0,0,0,0,0,0,0,0,0,0,0,0
プリン,クリームブリュレ メープルぷりんタルト,[],焼き目がつかなかったですが、これはこれでおいしかったです☆ 超美味！ミニタルトでバーナーも無いのでクリームでデコ(^_^;) おいしかったです！レシピありがとうございます^^,0,0,0,0,0,0,0,0,0,0,0,0,0,0,0,0,0,0,0,0,0,0,0,0
プリン,バレンタイン簡単プリンdeティラミス,[],ボウル皿に作って取り分け式で☆ 勝手ながら、こちらの素晴らしいレシピをアレンジしてプリンとクリームチーズでベイクドチーズタルトを作ってみました 素晴らしいレシピをありがとうございました。彼氏も喜んでました,0,0,0,0,0,0,0,0,0,0,0,0,0,0,0,0,0,0,0,0,0,0,0,0
プリン,コーヒーグラニテとクリームチーズのプリン,[],生クリーム切れで牛乳+クリープにて。春らしいさっぱり味で美味です 生クリーム切れで牛乳+クリープで。春らしいさっぱり味になりました 日曜のちょっと贅沢なデザートに。グラニテもとても美味しかったです,0,0,0,0,0,0,0,0,0,0,0,0,0,0,0,0,0,0,0,0,0,0,0,0
プリン,簡単！ティラミス（プリンとマシュマロ）,[],"大人用に作ったのに子供達に大ウケ☆今度は子供達に作らせよ－！！ コーヒーの苦さも丁度いいです！
また作ります(*´`*) 美味しくできましたー！ありがとうございます！ 楽チン！物足りないプリンが大変身ありがとう(^o^)/",0,0,0,0,0,0,0,0,0,0,0,0,0,0,0,0,0,0,0,0,0,0,0,0
プリン,3連プリンdeパングラタン,['しっかり'],昨日お世話になりましたプリン活用してパングラタン中までしっかり染みて美味し～い珈琲パラリがまた素敵です 3連プリンでこんな楽しいおやつが作れるなんて♪ 甘いプリンと香ばしいコーヒーの香りが至福です☆ キンプリさんまたわたし(笑)食べたいレシピありすぎてフル稼働プリンがまた香ばしい香り至福のパングラタン旨 ちょうどプリンがありお世話に少し固くなったパンが美味しく大変身！散らしたコーヒーも良いアクセントでしたいつも沢山のれぽ有難う キンプリさんもう何度も訪問笑っちゃって激安が高級おデザにパラパラ珈琲だから痩せない(￣◇￣;)一人で完食美味感謝,1,0,0,0,0,0,0,0,0,0,0,0,0,0,0,0,0,0,0,0,0,0,0,0
プリン,お豆腐ミルクぷりん～苺ソース添え～,[],リピです。とっても気に入った豆腐プリンです。前回より少し甘めにしてみました。 とってもヘルシーかつダイエット中に最適。もう少し甘くてもいいかな？と思いホイップクリームと小豆をトッピングしました。和テイスト 雛祭りに此方作りたく近所のお店で苺1P398円即買です豆腐でヘルシーミルクプリンに苺ソース絶妙感動の美味しさです,0,0,0,0,0,0,0,0,0,0,0,0,0,0,0,0,0,0,0,0,0,0,0,0
プリン,初心者歓迎　優しいプリン,[],"毎日プリンです。昨日に引き続き、豆乳バージョンです。トッピングはなしでいただきました。硬めのプリンです。豆乳感を感じませんでした 毎日プリンです。牛乳の代わりに豆乳してみた。トッピングにきな粉と黒蜜でいただきます。 仕事に行く前に作ってみました。作り方や注意点が分かりやすく簡単に出来ました。
仕事から帰って来たら早速頂きますね(｡｡)",0,0,0,0,0,0,0,0,0,0,0,0,0,0,0,0,0,0,0,0,0,0,0,0
プリン,もっちり硬めのカヌレプリン,"['もちもち', 'もちもち']",再挑戦で出来上がったのがこちら！！オーブンの自動機能を使いました。硬めのプリン好きな娘も大満足！！ みての通り、すが入って失敗しました。焼き時間が長かったかな？味とかたさは満足なのでもう一回挑戦してつくれぽに投稿したいです。 カヌレ型は無いのですが、もっちりプリン作ってみたくてオーブン不調で、フライパンで温め→もっちりになりました！カラメルも美味しい,0,0,0,0,0,0,0,0,0,0,0,0,0,0,1,0,0,0,0,0,0,0,0,0
プリン,卵、牛乳、お砂糖だけ！簡単プリン,['すかっ'],カラメルなしで作りました。あっさりしていて食べやすかったです。家族にも味がおいしいと好評でした。 お母さんと一緒に作りました！すぐに出来てとても簡単だったので次は1人で挑戦してみようと思います！ 時短したい方にオススメ,0,0,1,0,0,0,0,0,0,0,0,0,0,0,0,0,0,0,0,0,0,0,0,0
プリン,ゼラチンで★濃厚ココアプリン,"['ふるふる', '濃厚']",ふるふるのプリンになりました！ラカントを使ってカロリーダウン(^^)美味しかったです おやつに水切りヨーグルトといちじくジャムをのせて。濃厚でとっても美味しかったです♪ とても美味しかったです！材料も少なく簡単に作れたのでリピします(*^^*) 簡単かつおいしい！　試しに作ってみましたが、またリピしようと思います^_^,0,0,0,0,0,0,0,0,0,0,0.797135873,0,0,0,0,0,0,0,0,0,0,0,0,0.603799967
プリン,ゼラチンで★濃厚ココアプリン,"['ふるふる', '濃厚']",ふるふるのプリンになりました！ラカントを使ってカロリーダウン(^^)美味しかったです おやつに水切りヨーグルトといちじくジャムをのせて。濃厚でとっても美味しかったです♪ とても美味しかったです！材料も少なく簡単に作れたのでリピします(*^^*) 簡単かつおいしい！　試しに作ってみましたが、またリピしようと思います^_^,0,0,0,0,0,0,0,0,0,0,0.797135873,0,0,0,0,0,0,0,0,0,0,0,0,0.603799967
プリン,レンジで簡単プリン,"['ぷるぷる', 'なめらか']",ラムレーズンいれました　微妙に残った牛乳がうまオヤツ 材料も少なく、すぐ出来ました！プルプルな所がポイントです！ 再挑戦！滑らかとまではいかなかったけど、プリンになりました。生クリームの量を増やしてレンジのパワーを下げたら沸騰せずに完成！ 卵１つでアメリカの電子レンジで作ろうとしてみたら、見事に沸騰しました！卵も大きいのでまさに卵焼き。調整して再挑戦します！,0,0,0,0,0,0,0,0.6996822,0,0,0,0,0,0.71445421,0,0,0,0,0,0,0,0,0,0
プリン,簡単！失敗知らず　フライパンで定番プリン,[],"美味だったのですが、1人分で作ったので、思ったより甘さ控えめだったので、1人分よりも少し多めに砂糖入れてまた作りたいと思います！ いつでもプリン毎日プリン
 バニラエッセンスなしでも とっても美味しくできました！
感動したので初めてつくれぽ書いてみました ちょっと食べかけで、写真映えしませんが、とっても美味しかったです。 美味しかったです！上手く作れて良かったです",0,0,0,0,0,0,0,0,0,0,0,0,0,0,0,0,0,0,0,0,0,0,0,0
プリン,フライパンで*かぼちゃのプリン ,"['しっかり', 'なめらか']",砂糖の代わりにラカント、牛乳の代わりに豆乳で、少しヘルシーに作りました！かぼちゃそのものの味がしっかりして美味しかったです とても簡単に超なめらかプリンが作れました！水分の多いかぼちゃだったので固まるのに時間がかかったので多めに火を通しました！美味 優しい甘さココットで食事後のプチデザートにぴったりでした ,0.765627819,0,0,0,0,0,0,0.643283797,0,0,0,0,0,0,0,0,0,0,0,0,0,0,0,0
プリン,ゼラチンde☆パステル風プリン♪,"['とろん', 'とろん', 'とろん', 'とろん', 'とろん', 'とろん']",生クリーム50mlでも美味しくできました ひぃちゃまこれとっても美味し～いゼラチン2.5gでトロントロン♪本物より美味しい！！ ゼラチン2.5gで！トロふるコクありで旨～モノホンもこんな感じ？ 昨日から冷やしていました～今日の気候にピッタリ本家より美味しい位(∩ω∩ )私もゼラチン2.5gでトロントロン～♪ ココナッツミルクでも美味しくできました♪,0,0,0,0,0,0,1,0,0,0,0,0,0,0,0,0,0,0,0,0,0,0,0,0
プリン,ずんだ甘酒プリン,"['ほっこり', '濃厚']",ずんだ甘酒シリーズですね やさしい甘さ 美味しかったごちそうさま 枝豆多かったかしら甘麹の優しい甘さでほっこりプリン昨日帰宅した娘も濃厚で美味しいと喜びました頭痛は大丈夫ですか？ 型違いでもう一つ作。身体思いの優しいお味のデザート、甘さ控えめでしかも甘みが甘麹枝豆好きにはハマる美味しさです有難う 固まりました～食後のデザート♪この優しい甘さが美味しいです！子供には黒蜜を 待ってました☆続・ずんだ甘酒シリーズ甘酒の優しい甘さとずんだの味わい、この食感…癒しの集大成☆簡単ヘルシーおやつ最高感謝,0,0,0,0,0,0,0,0,0,0,0,0,0,0,0,0,0,0,0,0,0,0,0,1
プリン,ポムポムプリン　キャラ弁　簡単,[],口角の上がりが足りなかったんですかね、何か違くなりました汗 よろこんでくれましたありがとうございます なんかおちょぼ口～w可愛いお弁当レシピありがとうございます！,0,0,0,0,0,0,0,0,0,0,0,0,0,0,0,0,0,0,0,0,0,0,0,0
プリン,ミキサーで簡単！黒ゴマ豆乳バナナプリン,[],バナナ2本で作りました。生クリームがなかったので、黒蜜ときな粉をかけましたが、思ってたより甘みが足らなかったように感じました。 ゼラチンが上手くなじまなくて苦戦したけど何とかできた！めっちゃバナナで美味しかった！ いちごジャムの消費につくれぽさせて頂きましたはちみつで甘さが調節できるし、簡単デザートでした。,0,0,0,0,0,0,0,0,0,0,0,0,0,0,0,0,0,0,0,0,0,0,0,0
プリン,＊レンチン＊カフェオレプリン＊卵2個,['なめらか'],カフェオレプリンレンジで簡単に美味しくできました生クリーム乗せも楽しみました珈琲好きまた食べたいです こんばんは(^-^)レンジだけで簡単なのが助かる(^^)d時間通りで成功したよ♪なめらかで凄く美味しかったレシピに感謝☆ 600w2分半でばっちりでした◎レンジだけなので夏の手作りデザートにぴったりですね美味しかったです 蒸し器使用レシピ工程15～追記しましたこちらも美味しく出来ます レシピですカフェオレ味のレンジ蒸しプリンです,0,0,0,0,0,0,0,1,0,0,0,0,0,0,0,0,0,0,0,0,0,0,0,0
プリン,プリン【電気圧力鍋】,[],電気圧力鍋を使うとめっちゃ簡単 この間の味が忘れられずまた作りました。今度は三等分に。仕上がりが心配でしたが問題無！前よりカラメルとのバランスもピッタリでした。 焼きプリンが好きでしたが　物凄く早く出来てしかも美味しい。いいレシピですね♪また作ります♪ 硬めで作りました！プリンもカラメルソースも簡単で美味しかったです！ 昔ながらの優しい味でとても簡単に作ることができました。,0,0,0,0,0,0,0,0,0,0,0,0,0,0,0,0,0,0,0,0,0,0,0,0
プリン,カスタードプリン　-その2-,[],久々に食べたくなり作りました！ 卵消費に簡単に作れるデザートです！ ごちそうさまでした,0,0,0,0,0,0,0,0,0,0,0,0,0,0,0,0,0,0,0,0,0,0,0,0
プリン,牛乳プリン,[],ミルクの優しさにホッとします( *´艸)　甘さも丁度よくて、またリピしたいです 優しいお味で美味しい～～ 子供達が大好きでもう何度もリピさせて頂いています＾＾甘さ控えめなので苺ソースをのせたり砂糖を少し足したりして毎回楽しんでいます！,0,0,0,0,0,0,0,0,0,0,0,0,0,0,0,0,0,0,0,0,0,0,0,0
プリン,チーズプリン,[],"ピッタリ100グラム残ってたクリチ　ラッキーしかない！うますぎるやつ プリン病発生　クリチも消費せにゃならん　お助けうまうまプリン！ 食感がレアチーズケーキみたいで、美味しかったです
",0,0,0,0,0,0,0,0,0,0,0,0,0,0,0,0,0,0,0,0,0,0,0,0
プリン,オーブン使用簡単プリン焼きプリン,[],ノーカロリーシュガー、豆乳で大量に食べられるプリンアラモードができました。朝食としても美味しいたんぱく質補給ができそうです。 ちょうどいい甘さで、旦那に大好評だったリピ確定！ 美味しくできました^ ^,0,0,0,0,0,0,0,0,0,0,0,0,0,0,0,0,0,0,0,0,0,0,0,0
プリン,＊ミルクコーヒープリン＊,['ミルキー'],"美味しくできました 簡単に出来ました！コーヒー牛乳みたいで凄く好みの味です。コーヒーのほろ苦さが甘いプリンと相性抜群。とても美味しく頂きました。 カラメル代わりのコーヒシロップが、ほろ苦くて、甘いミルキーなプリンによく合いました。
ありがとうございますm(__)m",0,0,0,0,0,0,0,0,0,0,0,0,0,0,0,0,0,0,0,0,1,0,0,0
プリン,karaココナッツクリームプリン,[],ココナッツクリーム大好きなので、簡単においしいスイーツができて感激です砂糖→オリゴ糖、レンジ使用、濾さず手軽にしましたが美味！ 甘すぎずとっても美味しくてお気に入りです。食べるときに、冷凍マンゴーのダイスを乗せて食べています♪ とても美味しくできました。マンゴーのピューレを作って載せました。,0,0,0,0,0,0,0,0,0,0,0,0,0,0,0,0,0,0,0,0,0,0,0,0
プリン,豆乳とゼラチンでお手軽ほうじ茶プリン,[],ほうじ茶の香ばしさと、黒豆の甘さがマッチ。お砂糖の代わりに、黒豆の煮汁100cc使用。豆乳400ccに調整。和のスイーツ アーモンドミルクで。きな粉のせておいしく頂きました(゜∇^d) ほうじ茶の香ばしさですっごく美味しい娘絶賛！簡単だしリピ確定です。,0,0,0,0,0,0,0,0,0,0,0,0,0,0,0,0,0,0,0,0,0,0,0,0
プリン,私の理想！なめらかぷるとろ、簡単プリン,"['なめらか', 'なめらか', 'ぷるぷる', 'なめらか']",今まで作ってきたプリント全然違い、本当にぷるぷる滑らかで感動しました！もうこのレシピでしか作れません とってもなめらかで感動しました！カラメルはあえて作らず、子どもと一緒におやつで食べてます！なくなると怒るくらい気に入ってます！ 少ない材料で、とてもおいしくできました！ 全卵！牛乳！のみで良いのが凄くうれしいレシピですいつでも作れる美味しいプリン なめらかな美味しいプリンができました！カラメルの代わりにメープルシロップをかけていただきました！ プリン初めて作りました！書いてた通り地道に火を通したら上手く出来ました！美味しいです(*´ч`*),0,0,0,0,0,0,0,0.890634868,0,0,0,0,0,0.454719179,0,0,0,0,0,0,0,0,0,0
プリン,簡単ごほうび豆乳プリン,"['つるっ', 'ぷるぷる', 'なめらか', '舌ざわり', '濃厚']",豆乳消費に倍量で作りました。カラメルなしですが美味しかったです♪フライパンで作れるので作りやすいです。 豆乳消費に作りました。型から外すのに少し失敗(._.) 味は、とても濃厚で美味しかったです！ 大豆製品が苦手なので豆乳プリンなら食べられるかと思ってトライしました。つるんと滑らかでとても美味しくできました。また作ります！ ぷるんと舌ざわり食感最高！簡単に作れて美味しいプリンは、こちらのレシピに決定！リピ決定！です 私の好きな固さのプリンで大満足♪,0,0,0,0.652480438,0,0,0,0.436576043,0,0,0,0,0,0.445793236,0,0,0,0,0,0,0,0,0,0.430045379
プリン,新食感！簡単ゼリープリン,"['つるっ', 'なめらか', 'ぷるぷる', 'ぷるぷる']",プッチンプリンみたいで美味しかったです 豆乳で作り、生クリーム＆ヘーゼルナッツでトッピング♪美味しく、簡単かつヘルシー。素敵レシピありがとうございます。 粉ちゃんこんにちはプリン作ったよーテスト中の中3息子と一緒に。とても美味しいかったよ。のどこしつるんと火も使わず嬉しいおやつね 粉ちゃんおは～これ作ったよ砂糖無し練乳ラム酒入り、ほろ苦コーヒーソースのせで追加レシピのせていいかな～よろしく 子供のおやつにプルプルまさにゼリープリンという感じお砂糖→ラカントでもとっても美味しくできて子供も喜んでました プルプルでなめらか～仕上げにカラメルを蒸プリンは鍋から離れられないし此方は失敗知らずですね先日はリコッタプリン大感激でした,0,0,0,0.722723949,0,0,0,0.483576125,0,0,0,0,0,0.493785605,0,0,0,0,0,0,0,0,0,0
プリン,しっかり食感♪コク深いイタリアンプリン,['しっかり'],"カラメルはタブレット使ってイタリアンプリン初めて食べる～クリームチーズ入れるのねウマイ
この固め食感のプリン好き クリームチーズなのが手軽で嬉しいですね。しっかり固めで美味しかったです。 22センチ型、分量通りに。クリームチーズなので用意しやすくて良かったです。チーズケーキのようなプリン。好評でした！",1,0,0,0,0,0,0,0,0,0,0,0,0,0,0,0,0,0,0,0,0,0,0,0
プリン,なめらかプリン～パスタ屋のプリン～,"['とろっ', 'とろっ', 'なめらか', 'なめらか']","少し固まりにくかったですが、トロトロとして、それはそれで美味しかったです。 子供と一緒に簡単につくれました。家族が多いので全部で9個も作れてよかったです。 美味しいなめらか～市販のプリンを買うより、美味しいですご馳走さまでした♪
また、作ります シンプルならレシピなのに、なめらかトロトロでお店の味また作ります",0,0,0,0,0,0.742530723,0,0.669812007,0,0,0,0,0,0,0,0,0,0,0,0,0,0,0,0
プリン,卵と牛乳のなめらか固めプリン,['もちもち'],火が強すぎたのかプツプツしてしまいましたが、味が好き！ 想像通りの固めプリンが出来ました。次回はカラメルも一緒に、また作りたいと思います 濃くて好みの固さで、最高でした。これは美味い！　リピートします。 もっちりしていて生クリーム使ってないのに美味しかった！ 牛乳の賞味期限が近づくとプリン作ろうってなりますモロゾフプリンのガラス容器で作るのも定番に買うより安いし安心安全,0,0,0,0,0,0,0,0,0,0,0,0,0,0,1,0,0,0,0,0,0,0,0,0
プリン,なめらか～！基本の牛乳たっぷりプリン,"['なめらか', 'なめらか', 'なめらか', 'なめらか']",私は硬め派なのですが。夫はなめらか派で要望に応じて作りました♪夫好みの(*´`*)なめらか感謝美味しかったです♪ 牛乳多めで作りました。滑らかで美味しかったです。また作ります！ スが入ってしまいましたがとっても滑らかでした！オーブン160度30分 オーブンの「蒸しプリン」ボタンでおまかせしたのでとっても簡単にでき、美味しかったです。,0,0,0,0,0,0,0,1,0,0,0,0,0,0,0,0,0,0,0,0,0,0,0,0
プリン,イタリアンプリン・計量が雑でも大丈夫,['しっかり'],卵３個でカップ5つできました しっかりしたプリン、クリームチーズの風味が活きています。おうちプリンのおいしさに目覚めました！ パウンドケーキの型で作ってみました。夫に褒められた味でした！！ありがとうございます！,1,0,0,0,0,0,0,0,0,0,0,0,0,0,0,0,0,0,0,0,0,0,0,0
プリン,超絶固めプリン簡単！,"['しっかり', 'しっかり', 'なめらか', 'なめらか', 'ぷるぷる']","昔ながらの固めプリン、最高です。たまごのお味しっかりめです。ヘルシオの自動メニューで仕上げ。こだわりのレシピありがとうございます しっかり固め生地が美味しくて悶絶しました！もうプリンはこのレシピで決まりです♪ プルプルでとっても美味しかったです♪ まさに昔ながらの固めプリン固さも味も理想的且つなめらかでとても美味しかったですレシピありがとうお皿の上のカラメル多過ぎた プリンは固めが好きです。レシピありがとうございました。 プリンはやわらか、なめらかよりも、固めが大好き♪この固さ好きです！美味しい！！
また作りたいです(^-^)",0.639920927,0,0,0,0,0,0,0.537664324,0,0,0,0,0,0.549015739,0,0,0,0,0,0,0,0,0,0
プリン,大人が楽しむ、ビターな濃厚ココアプリン,"['しっかり', 'しっかり', '濃厚', '濃厚', '濃厚']",ビターで濃厚なお味！高校生男子が大絶賛美味しく頂きました★献立UPしました ココアが濃厚で、美味しいですね。 たくさん作りました。牛乳の大量消費でしたが、おいしかったです。 ほんとに濃厚でまるでチョコプリンですねリラックマ型に全部固めて、子どもたちと頂きました(  ) ココアの味がしっかり♪美味しかったです♪ ココアの味がしっかりして美味しかったです。高濃度カカオチョコのよう 牛乳200にゼラチン5で作ってみました！程よくビターで主人にも好評でした 簡単でおいしかったので、また作りますーー！,0.770375537,0,0,0,0,0,0,0,0,0,0,0,0,0,0,0,0,0,0,0,0,0,0,0.63759041
プリン,簡単！はちみつプリン,['さらり'],冷まさないままカラメルかけたらプリンが割れちゃったwカラメルソースもさらさらのままだったなー。次はもっとうまく作るぞ！味は 優しい甘さでおいしかったです ゼラチンを使わないプリン作りは今まで何回かやった事あったのですが上手く行かず、こちらのレシピで初めて上手くできました！感動です♪ とても簡単にできました！！4歳の娘と作りました！優しい甘さです。少し好みで砂糖を出してもいいと思いました。でもとても美味しい！,0,0,0,0,0,0,0,0,0,0,0,0,0,0,0,0,0,0,0,0,0,0,0,0
プリン,ふわっふわ簡単♪「プリンケーキ」,"['しっとり', 'ぷるぷる', 'ふわふわ']",簡単に出来ました☆市販のプリン使用に驚き、作ってしまいました。 簡単ですっごく美味しかったです。翌日に食べたらしっとりぷるぷるでした。甘いの得意じゃない子供も喜んでまた作ってと言われました。 ふわふわに出来なかったのでリベンジしたいです。 最&高,0,0.708344763,0,0,0,0,0,0,0,0,0,0.579864574,0,0.402498164,0,0,0,0,0,0,0,0,0,0
プリン,おうちカフェ★練乳みるくプリン,['クリーミー'],苺シロップで！おいしかったです(^^) カフェっぽくトッピングしてみました。簡単で美味しい一品ですね♪ とっても美味しい*´`*ふるん②クリーミー優しい甘みお洒落にミントなくピスタチオトピですが^^;簡単ヘルシー大好評感謝です,0,0,0,0,0,0,0,0,0,0,0,0,0,0,0,0,0,1,0,0,0,0,0,0
プリン,計りいらず★フルフル豆乳プリン,['ふるふる'],本当にカンタンに美味しく出来ました元々薄味派なので、＋オリゴ糖をかけてみました ほんとに簡単！フルフル！美味しくできました。ありがとう 半量で！濾しが甘い&火が強かったかな、、、気泡が入って固くなってしまった( ；∀；)味はとても美味しいリベンジします 材料３つであっという間に出来ましたはちみつを少しかけてとても美味しかったです,0,0,0,0,0,0,0,0,0,0,1,0,0,0,0,0,0,0,0,0,0,0,0,0
プリン,生クリーム不使用苺と抹茶のプリン,"['ふるふる', 'ミルキー', 'ミルキー', '濃厚', '濃厚']",抹茶の濃厚さといちごの甘酸っぱいミルキーなのが良く合い見た目もオシャレで美味しかったです 生クリーム不使用なのに、ミルキーで甘酸っぱい苺プリンと、濃厚抹茶プリンのコラボがおいしいプリンでした♪♪ とっても簡単に苺と抹茶のフルフルのプリン  ひな祭りスイーツとして作らせてもらいました。素敵なレシピに感謝です！,0,0,0,0,0,0,0,0,0,0,0.52440679,0,0,0,0,0,0,0,0,0,0.75313697,0,0,0.397218107
プリン,喫茶店のカスタードプリン,[],何回目かわかんないです。笑　うちのオーブンでは160度35分で！今回は倍量でチャレンジしてみましたが、過去1美味しくできました！ 3回作りました！分かりやすくて簡単で美味しくできました！ とっても美味しかったですありがとうございました◎ とっても簡単なの本当に美味しいレシピです！また週末に作ります,0,0,0,0,0,0,0,0,0,0,0,0,0,0,0,0,0,0,0,0,0,0,0,0
プリン,喫茶店風！固めプリン,[],プリンを豆乳で作るのは初めてでしたが、とても美味しくできました！固めのプリンが好きなので満足です！リピします 懐かしい味。美味しくできました 大変美味しかったです…！大きい型で作ってもお皿に盛り付けたときに崩れないので、テーブルに出した時華やかに見えます。 1.5倍量で160° 80分焼きました。固めで美味しかったです！ 簡単美味しくできました◎ありがとございました！,0,0,0,0,0,0,0,0,0,0,0,0,0,0,0,0,0,0,0,0,0,0,0,0
プリン,プリンの後は？卵白3個であずきケーキ,[],冷凍していた卵白と自家製ゆで小豆使用☆ふ～わふわで美味しかったです 小豆をたっぷり200グラムくらい入れました～黒糖でつくりましたが、とても美味しかったです♪卵白よく余るのでまた作ります！ 砂糖、油10g減らして。卵白消費じゃなくてもまた作りたい美味しさ,0,0,0,0,0,0,0,0,0,0,0,0,0,0,0,0,0,0,0,0,0,0,0,0
プリン,材料3つdeなめらか簡単プリン,[],食べたい時にさっと作れて助かります^_^ 量りを使わないので楽々^_^そして、甘さも控えめでたくさん食べても罪悪感無しです。 簡単に美味しくできました！甘すぎ美味しい！甘くしたい人は砂糖多めでも良さそうです！,0,0,0,0,0,0,0,0,0,0,0,0,0,0,0,0,0,0,0,0,0,0,0,0
プリン,生クリーム不要！濃厚生チョコ風プリン,"['濃厚', '濃厚', '濃厚', '濃厚']","生クリーム不要で手軽に作れました。
濃厚で美味しかったです。
レシピ感謝です。 この美味しさふとまた恋しくなってリピ☆チョコ プリンで人気検索２位凄いこの濃厚さら流石チョコ好きさんだわ～笑　レシピ有難う♪ 初めて作りました。お砂糖は少し減らしましたが、とても美味しかったです。また作ります。 砂糖15gで作りましたが、すごく濃厚で美味しかったです。また作ります！ はぁ～思わず溜息が出ちゃう美味しさ前回のプリンと甲乙付け難く濃厚で大満足☆今回ブラックチョコだけど他のチョコでも試したいな",0,0,0,0,0,0,0,0,0,0,0,0,0,0,0,0,0,0,0,0,0,0,0,1
プリン,黒豆プリン★煮汁をリメイク,[],お手軽でおいしい！しかも煮汁まで全部使うことが出来て嬉しいです。 黒豆煮汁をリメイク出来、夫も喜んでましたm(_ _)m ホイップクリームを乗せて。3歳孫が1歳孫の分までペロリ。大人も子どももおいしくいただきました。,0,0,0,0,0,0,0,0,0,0,0,0,0,0,0,0,0,0,0,0,0,0,0,0
プリン,チョコ不要★ココアで濃厚生チョコ風プリン,"['濃厚', '濃厚', '濃厚', '濃厚']",とっても濃厚でおいしかったです！2歳の息子へのバレンタインにしたので砂糖は少なめにしましたが喜んで食べてました チョコ不要とは思えず濃厚で美味しい！生チョコ風わかります。チョコを避けている娘に季節のものを味わえたらと作りました☆有難う 実月ちゃん凄く美味しい～ココアで作ってるとは思えない☆生チョコみたいな濃厚プリン手軽に作れるのも嬉しいからリピします有難う チョコ不使用とは思えぬ濃厚な味わいに感動食感も好み実月さんワールドに浸れ大満足笑２枚目塩クリーム３枚目シナモン乗せも美味,0,0,0,0,0,0,0,0,0,0,0,0,0,0,0,0,0,0,0,0,0,0,0,1
プリン,ココナッツミルクのカスタードプリン♪,['なめらか'],お店のより美味しかった！と息子から好評でした！ びっくりなおいしさ！とってもなめらかでした！ありがとう 悪魔的な美味しさです！リピします。,0,0,0,0,0,0,0,1,0,0,0,0,0,0,0,0,0,0,0,0,0,0,0,0
プリン,やみつきアーモンドミルクプリン,['つるっ'],喉越しつるんとしたプリン食べたいとお借りしました材料少なく簡単に仕上がり感謝ですクラッシュアーモンド散りばめました.*ﾟ 砂糖の代わりにダイエットシュガーを入れました。近所に配ります。 晩御飯のデザートに。アーモンドの香りたっぷりで美味しかったです♪チョコマーブルアイスと苺ジャムを添えたらよく合いました(^^) メープルの甘さがほど良くアーモンドミルクで作るプリンとっても美味しく頂きました,0,0,0,1,0,0,0,0,0,0,0,0,0,0,0,0,0,0,0,0,0,0,0,0
プリン,【材料２つ】超簡単バナナプリン,[],一歳と0歳のバレンタイン用で作りました！少しアレンジでバニラエッセンスを入れました！こんな最高なデザートがあったなんて嬉しいです 材料これだけで出来てズボラな私にはとても嬉しい！甘くておいしかったです 固まりますように(^^) バナナ消費に助かりました♪簡単で美味しい!!レシピありがとうございます。,0,0,0,0,0,0,0,0,0,0,0,0,0,0,0,0,0,0,0,0,0,0,0,0
プリン,しっとり濃厚さつまいものプリンケーキ,['濃厚'],型が18センチ底が抜けないタイプしか持ってなかったけど、材料は倍量で作り大成功！飲めるスイートポテトみたい、家族に好評でした！ 感動の美味しさです！また作ります！ 余った大学芋を使いました。美味しかったです！ 美味しい 安納芋の甘さをいかしてお砂糖少量でも美味しかったです☆スイートポテトのようでした! 濃厚だけど優しい甘さで美味しかったです。とっても簡単！レシピありがとうございました！またリピートします。,0,0,0,0,0,0,0,0,0,0,0,0,0,0,0,0,0,0,0,0,0,0,0,1
プリン,坊ちゃんかぼちゃの丸ごとプリン,[],カボチャ丸ごとは初めて作ったので美味しく出来て嬉しかったです♪ 美味しくいただきました(^-^)うまぁ～ 憧れのかぼちゃプリンです！案外簡単にできるのですね！,0,0,0,0,0,0,0,0,0,0,0,0,0,0,0,0,0,0,0,0,0,0,0,0
プリン,プリン,['なめらか'],シンプルでなめらかで本当に美味しくて、家族にも大好評！わが家の定番おやつになりました 有難う～。食べかけですみません。カラメルも黒糖で作り、黒い小鍋に火にかけてから、アッと気付いて笑いながら第六感で作りましたｗ 美味しすぎでした～わが家の定番レシピに決定です！ありがとうございました♪,0,0,0,0,0,0,0,1,0,0,0,0,0,0,0,0,0,0,0,0,0,0,0,0
プリン,材料２つで！とろとろ柿プリン,['とろっ'],ちょっと固さが緩かったけど簡単にできました。柿のみの自然な甘さです。 写真汚くてすみません(><)こんなに簡単で体にもいいですね♪とろとろプリンで美味しかったです！ あっさりしていて甘さ控えめで美味しかったです(o´∀`o)黒蜜かけて食べました,0,0,0,0,0,1,0,0,0,0,0,0,0,0,0,0,0,0,0,0,0,0,0,0
プリン,柿プリン,[],カンタン過ぎる（笑）３時間で味見、まだ固まらず、でも美味しい！残りは明日の楽しみに。 牛乳と混ぜるだけでホントに固まりました！ ごっつあんです！ 固まった後に柿を乗せました。とても美味しく頂きました。ご馳走様,0,0,0,0,0,0,0,0,0,0,0,0,0,0,0,0,0,0,0,0,0,0,0,0
プリン,さつまいもプリン,['濃厚'],牛乳200で。フードプロセッサーに全部入れて楽々でした。時短で160℃30分で湯煎してみました。 混ぜて焼くだけ！カラメルがわりにコーヒーリキュールをかけました 手を汚さず、簡単に濃厚に出来ました！芋好きな方には是非作って欲しいレシピです！アレンジでかぼちゃバージョンも作りました。,0,0,0,0,0,0,0,0,0,0,0,0,0,0,0,0,0,0,0,0,0,0,0,1
プリン,レンジで簡単☆卵の風味たっぷりプリン,"['なめらか', 'なめらか']",すごくなめらかで美味しい！家にある材料で簡単にできて、感動でした！ 本格的なプリンがレンジでできるなんて嬉しいです。ウキウキしました。 丁寧でわかりやすいレシピで簡単おいしく最高です（≧∀≦）またします♪ 一瞬でできる手作りプリンぜひお試しあれ とってもなめらかなプリン*とても簡単で、ボウルひとつでできちゃいます*うちのレンジでは、500w３分でちょうどよい感じでした♪,0,0,0,0,0,0,0,1,0,0,0,0,0,0,0,0,0,0,0,0,0,0,0,0
プリン,かぼちゃのプリンケーキ,"['濃厚', '濃厚']",濃厚で美味しかったです！ 丁寧に手間をかけるだけ、とても美味しくできました。手元にあるような材料ばかりでありがたかったです☆☆☆ありがとうございました。 んまい！意外と簡単に濃厚かぼちゃの贅沢プリン！,0,0,0,0,0,0,0,0,0,0,0,0,0,0,0,0,0,0,0,0,0,0,0,1
プリン,カスタードプリン,"['とろっ', 'なめらか', 'なめらか', '濃厚']",何度もリピートしてます。なめらかに仕上がりました。ありがとうございます。 昔ながらの素朴な味で美味しかったです。すが入らず出来て感動しました！ 息子が作ってくれました。お鍋ではうまく固まらなかったので、オーブンで焼いて仕上げましたが、とても濃厚で、美味しいプリンがでした! 固めでちょっと懐かしいカスタードプリンができました。私の求めていたプリンです なめらかでカラメルもほろ苦で、美味しく出来ました♪ リピしまーす^ ^      ありがとうございました。 とろとろで美味しかったです！また作ります♪,0,0,0,0,0,0.619782271,0,0.559084754,0,0,0,0,0,0,0,0,0,0,0,0,0,0,0,0.550721504
プリン,簡単！牛乳プリン,[],大きいタッパーで作りました。 ありがとうございました無事成功致しました 抹茶ミルクプリンにしました,0,0,0,0,0,0,0,0,0,0,0,0,0,0,0,0,0,0,0,0,0,0,0,0
プリン,優しいスイーツあずきミルクプリン,[],美味しく出来ました砂糖に三温糖を使ったのでミルクの白さが少し茶色ぽくなってしまいましたが 咲さんのれぽ素敵ですね！朝イチで作りました和のスイーツ大好きですミルク感たっぷり美味しかったです 豆乳&豆ホイップで☆豆乳が原因なのか2層にならず謝☆おやつ楽しみ,0,0,0,0,0,0,0,0,0,0,0,0,0,0,0,0,0,0,0,0,0,0,0,0
プリン,ゼラチン不要　簡単とろけるプリン,"['なめらか', '濃厚']",生クリームが入ると濃厚な感じがして美味しいですね優しい甘さのプリン、いいですね先日はごぼうサラダにれぽを有難うございました とろけ～るご褒美プリンができました(**)お店よりも好き！と主人にもびっくりされました♪♪おもてなしにも 生クリーム入れて作るの初めてでした。滑らかで美味しかったです。,0,0,0,0,0,0,0,0.712415151,0,0,0,0,0,0,0,0,0,0,0,0,0,0,0,0.701758258
プリン,イタリアンプリンの作り方 ,"['クリーミー', 'なめらか', 'なめらか', '濃厚']",クリーミーで美味しいです(*^^*) カラメルが更に美味しくしてくれてる！うまく出来ました。 焼き時間が長かったのかな？ぼこぼこしちゃいましたが、気になっていたイタリアンプリンが作れて大満足です 簡単で美味しかったです！ 材料がシンプルで作りやすいです。なめらかでとても美味しくできました。 濃厚でなめらかな口当たりでとても美味しかったです。 めっちゃ美味しかったです！両親にも大好評でした素敵レシピに感謝,0,0,0,0,0,0,0,0.461905252,0,0,0,0,0,0,0,0,0,0.761329401,0,0,0,0,0,0.454995693
プリン,なめらかでコクが深い生クリームプリン,"['なめらか', 'なめらか']",なめらかで美味しいです 生クリームがあまりなにかないかなーとこちらのレシピをみて作りました。簡単にできて良かったです。 冷まし中です。食べるのが楽しみです♪ すも立たず、なめらかプリンが簡単にできました いつも失敗していたプリン、初めてかたまりました(^^)おいしくできました！ありがとうございます。,0,0,0,0,0,0,0,1,0,0,0,0,0,0,0,0,0,0,0,0,0,0,0,0
プリン,手軽に美味しく豆乳プリン(硬め),[],いつもの様にカラメルタブレットを使い作ってみました素炊糖を使い素朴な味わい。添加物無しで安心なプリン、とっても美味。ご馳走様。 材料1.5倍で、7個作れました硬めが好きな娘にとても好評です。美味しく頂きました。蓋があると冷蔵庫で重ねて保存できて便利です。 手軽なカラメルタブレットを使って、作ってみました優しい甘さ。とても美味しく頂きました。御馳走様。,0,0,0,0,0,0,0,0,0,0,0,0,0,0,0,0,0,0,0,0,0,0,0,0
プリン,材料３つ☆簡単はちみつ牛乳プリン,"['ぷるぷる', 'ぷるぷる', '柔らかい']",マヌカハニーで牛乳400mlでゼラチンは5gのままですがプルプルで美味しかったです(^^) フルーツ缶で入れてよく作るのですがはちみつ入りも牛乳そのものの味を感じれて絶品でした◎また作ります＊ 実は何回もリピしてます。蜂蜜を分量よりもたっぷり入れて甘甘にしてます（笑）娘の大好物です！ プルプルでハチミツの柔らかい甘さのプリンです。,0,0,0,0,0,0,0,0,0,0,0,0,0,0.479715555,0,0,0,0,0,0,0,0,0.877424063,0
プリン,あずきみりんソースで食べる☆ミルクプリン,['ぷるぷる'],"小豆が余っていたので、作ってみました！
甘いものが欲しい時に良いです！ ぷるぷる子供達に大好評！みりんの優しい甘さに癒されました(^^)今度は他のソースも試してみたいです。また作ります！！ 甘さ控え目プリンにあんこの甘さが絶妙ですね♪感動です～有難う♪",0,0,0,0,0,0,0,0,0,0,0,0,0,1,0,0,0,0,0,0,0,0,0,0
プリン,南瓜の煮物をリメイク♪かぼちゃ豆乳プリン,[],レシピを参考にさせて頂きました！簡単に美味しくリメイクできたので感謝です ココナッツ味の豆乳で作りました。とってもおいしかったです！ 簡単でした！子供が食べる用にかぼちゃ煮を作ったのですが余ったのでプリンにして翌日食べてもらいます♪♪,0,0,0,0,0,0,0,0,0,0,0,0,0,0,0,0,0,0,0,0,0,0,0,0
プリン,ぷるるんプリン,"['ぷるぷる', 'ぷるぷる', 'ぷるぷる']",リピリピです！ぷるるんとしていてやっぱりお家でおやつ作って２人で食べるとなお美味しい！また絶対リピさせて下さい！美味レシピ感謝★ アガーで簡単！ぷるるん美味しかったです。 ぷるるんプリンでした！初めてプリンをお家で作りました～まだあと２つ残してあるのでさっぱり食べたいと思います！美味レシピ感謝★,0,0,0,0,0,0,0,0,0,0,0,0,0,1,0,0,0,0,0,0,0,0,0,0
プリン,パステル風プリン(カラメルなし)覚書,[],お手軽にできるレシピです。 蒸し方が悪かったのか柔らかすぎたかも。でも美味！リベンジします！ 懐かしのパステルを回想しながら頂きました♪,0,0,0,0,0,0,0,0,0,0,0,0,0,0,0,0,0,0,0,0,0,0,0,0
プリン,１歳半のおやつ☆ヨーグルトプリン☆,[],お家にある材料で簡単に美味しくできて嬉しいです^ ^サワーチェリーのソースをかけました♪ こんにちは！久々に作りました冷たくて美味しいねカレーを頂いて食後にピッタリ！フジポンさんのジャムON★本日献立UPしました 温かい部屋で冷たいデザート最高ですね！ヨーグルトでサッパリ美味ご馳走様でした★此方晴天気持ち良い朝です(^o^) ヨーグルトプリン優しい甘さですごく美味しかった^ ^消費したいリンゴたっぷり乗せで (*´∀｀人) 孫のために作ってみました。とても喜んで食べてくれました,0,0,0,0,0,0,0,0,0,0,0,0,0,0,0,0,0,0,0,0,0,0,0,0
プリン,アガーでつくる＊ココアプリン,"['なめらか', 'もちもち']",初めてアガー使用♪簡単で、ゼラチンとは少し違うもっちり食感ですねお弁当にも持たせます(o^^o) 硬さも丁度よく、なめらかでとても美味しかったですまた作ります♪ アガーでできるデザート♪美味しかったです(´`),0,0,0,0,0,0,0,0.601540234,0,0,0,0,0,0,0.798842505,0,0,0,0,0,0,0,0,0
プリン,濃厚で美味しい！ココナッツミルクプリン,[],子供のリクエストで久しぶりに作りました♪ ゼラチンをマリブでふやかしました♪簡単で美味しかったです 美味しく出来ました^ - ^,0,0,0,0,0,0,0,0,0,0,0,0,0,0,0,0,0,0,0,0,0,0,0,0
プリン,昔ながらのカスタードプリン,[],カラメルが上に上がってきてしまいました。初カラメル!!美味し♪ 苦めのカラメルに固めのプリンが好きなのでまた、作ります。 子どもの頃から好きな、缶入りプリン。うまく出来てとっても嬉しいです,0,0,0,0,0,0,0,0,0,0,0,0,0,0,0,0,0,0,0,0,0,0,0,0
プリン,ミキサーで！濃厚バナナプリン,"['しっかり', '濃厚', '濃厚']",スムージーにでもするしかないか、と思ってた過熟バナナが救われましたバナナの味がしっかり残るプリンなのでチョコソースでも合いそう カラメルとバナナ風味が合う！ケーキ以外のバナナ救済レシピも嬉しい カラメルソースがバナナの甘味を引き立てます♪家族に大好評でした♪ バナナの救済にぴったり！簡単でとても美味しい！！ とっても濃厚でおいしいバナナプリンができました 黒くなったバナナ救済で作りました。簡単でとても美味しかったです！ 濃厚バナナ簡単ミキサーだけ？信じらないとても美味しい御馳走様3Q,0.770375537,0,0,0,0,0,0,0,0,0,0,0,0,0,0,0,0,0,0,0,0,0,0,0.63759041
プリン,簡単☆コーヒー牛乳プリン♪,[],コーヒー牛乳大好き生クリームでおめかししました(*^^*) 柄のついたカップに入れたのでわかりにくいですが、美味しくできました。ホィッブクリームとチョコを飾ってみましたよ！ コーヒー牛乳好きの息子たちの為に作りました。直ぐにリクエストされました^_^ リピします！,0,0,0,0,0,0,0,0,0,0,0,0,0,0,0,0,0,0,0,0,0,0,0,0
プリン,おいしい牛乳きな粉プリン,"['つるっ', 'つるっ', 'もちもち', 'なめらか', '濃厚', '分離']",もちっと滑らかで大好きな和の味です◎きな粉も沈殿せず作れ消費もできて嬉しい素敵なレシピ＆フォロー感謝です 濃厚きな粉プリン分離せずにとっても☆美味しく出来ました♪また、作ります　　　　 美味しかったです♪また作ります(o^^o) ツルンツルンとスプーンが止まらない冷たい和風おやつかなりの大好評でリピ確定です。健康的レシピに感謝！,0,0,0,0.492820219,0,0,0,0.329747052,0,0,0,0,0,0,0.437902481,0,0,0,0,0,0,0.592564022,0,0.324814424
プリン,簡単ミルクプリン【牛乳消費】,['とろっ'],簡単なのに、杏仁豆腐みたいな味でした！！家族も、美味しいと言っていて良かったです！デザートとして食べましたΨ( 'ч' ☆) 簡単で美味しい！甘さもほどよく食後のデザートにぴったりでしたまた作ります ドライのクランベリー入り。牛乳消費にレシピ助かりました。感謝 林檎のソースを用いて作りました。初めてでしたが、本当にトロットロで美味でした材料も少なく、手順も簡単！またリピさせてもらいます,0,0,0,0,0,1,0,0,0,0,0,0,0,0,0,0,0,0,0,0,0,0,0,0
プリン,簡単 プリンのような見ための茶碗蒸し,"['つるっ', 'ぷるぷる', 'ぷるぷる', 'ぷるぷる', 'ぷるぷる', 'なめらか']","自分のレシピで作りました。やや弱めの中火にすると程よいつるつる感が出てよいです。 見た目もキレイだし食器も滑らかでおいしかったです。リピします！ プルプルの茶碗蒸しが作れました☆ うっまうまぁー
ぷるんぷるんー",0,0,0,0.420743809,0,0,0,0.281520574,0,0,0,0,0,0.862392494,0,0,0,0,0,0,0,0,0,0
プリン,カフェラテぷりん&グラニテ♪,[],カフェラテをプリンにしました Miellaさんに教えてもらったフワモコの泡をのせてみました～冷蔵でも泡キープ幸せ ひぃちゃんハピバ～♪いつもありがとう(´ω`)今回一口アイスにしました！大人味家事の合間に美味しく癒されました～♪ ゼラチン5gだよね？自分用プリン美味し～コント見られてたとは笑,0,0,0,0,0,0,0,0,0,0,0,0,0,0,0,0,0,0,0,0,0,0,0,0
プリン,【簡単】濃厚イタリアンプリンタルト,['薄い'],イタリアンプリンのレシピを参考に！湯煎焼きせずそのまま焼いたり冷蔵庫で冷やしても作れました！おいしかったのでリピします 主人作プリン薄いし見た目も…でも最高に美味しかった感謝 つぼるんハッシュタグ用。,0,0,0,0,0,0,0,0,0,0,0,0,0,0,0,0,0,0,0,0,0,0,0,0
プリン,とろける美味しさ白いレアチーズプリン,['とろける'],クリチ200の牛乳総量300でもとっても美味しかったです！！！ コクがあって凄く美味しかったです正にとろける美味しさですね夏にもぴったり♪レアチーズケーキよりハードルが高くなくて嬉しい感謝 とても簡単なのに本格的な味で美味でした！チーズ100にしました。,0,0,0,0,1,0,0,0,0,0,0,0,0,0,0,0,0,0,0,0,0,0,0,0
プリン,簡単　抹茶のプリン,"['なめらか', '濃厚']","おやつおやつ～
キンキンに冷えてるの二層にもきちんと分かれました美味しみかかめちゃん追いでした～ 連休中のデザートで頂き二層になりました抹茶の苦みと牛乳の甘味が良いねさっぱりして美味しかった～♪まだ暑いね感謝♪ 半量で作りました。簡単に作れて良いですね。次はもっと甘くしたい。 mariさん♪いつも心温まるれぽ有難う此方ずっと気になっていて朝出勤前に作り半日仕事後の楽しみに頂きました娘も大絶賛です 大好きな抹茶！濃厚でなめらかですっごく美味しかったですいつも美味しそうなお弁当レポ楽しみです。お弁当のお仲間&ブログ紹介感謝 美味しかったです(*^^*)",0,0,0,0,0,0,0,0.712415151,0,0,0,0,0,0,0,0,0,0,0,0,0,0,0,0.701758258
プリン,フライパンでOK！卵1コの簡単豆乳プリン,['なめらか'],"初めて作りましたー！私も200Wじゃ固まらず、、。追加で400W2分したら良い感じ～！美味しくいただきました！ありがとうです♪ 初めて、豆乳で作りました。牛乳と、あまり変わらないです。美味しかったです。 なめらかにできました！甘さ控えめでおいしかったです！メープルシロップをカラメルがわりにかけたかったけど切れていて残念！ 美味しかったです！ あっさり美味。
すぐに作れていいですね。 本当に簡単で美味しいプリンでした。特権の熱々プリンも頂きました。",0,0,0,0,0,0,0,1,0,0,0,0,0,0,0,0,0,0,0,0,0,0,0,0
プリン,混ぜるだけ簡単プリン(ゼラチン使用),"['なめらか', 'なめらか', 'ぷるぷる', 'まったり']",砂糖はいれずにジャムとアイスを上乗せ。卵を入れると豆乳の匂い感じない！次女はだし醤油で。まったりした卵豆腐な感じでした(^.^) アーモンドミルクで。砂糖に黒糖混ぜました。簡単でプルプル美味しかったです。 なめらか～ 半端な牛乳を使い切りたくて500ccでもいけました。 簡単なめらかいい感じのゆるさでおいしかったです！毎日でも作れそう。レシピありがとうございます。 また、リピートします,0,0,0,0,0,0,0,0.6996822,0,0,0,0,0,0.71445421,0,0,0,0,0,0,0,0,0,0
プリン,フラン（プリンタルト）,['サクサク'],生地もサクサクで美味しかったです。また作りたいです! 小さいタルトで！砂糖130gで、優しい甘さでとっても美味しかったです(^^) とても美味しかったです♪素敵なレシピをありがとうございます^_^,0,0,0,0,0,0,0,0,0,0,0,0,0,0,0,0,0,0,1,0,0,0,0,0
プリン,イタリアンプリンinゼラチン,['ねっとり'],硬めでコクがある正に私の求めていたプリンですレシピありがとうございます カッテージチーズで作ってみました！家族にも好評♪また作ります! 倍の量で作ってみました。溢れそうだったのでミニも一個できました。焼き時間は変わらずでした。ねっとりとした感じがとても良いです,0,0,0,0,0,0,0,0,1,0,0,0,0,0,0,0,0,0,0,0,0,0,0,0
プリン,簡単おやつ☆5分でプリン風ケーキ♪フラン,['ぷるぷる'],"6歳の息子と一緒に簡単作れました！ありがとうございます 食べたいと思ったときにすぐ作れてすぐ食べれる。簡単で失敗知らず！ソースを工夫したらもっと楽しめるかも。 とても簡単！どこか懐かしい味(´ω`)おうち時間に簡単スイーツが作れるのは良いですね！ お弁当用タッパーに少し取り分けて。デザートにいつも悩むので、簡単レシピに感謝です。 作ってみました！！とっても美味しいです。でも、何回作っても皆様みたいに綺麗にならず子供がプリン苦手なので父が独占で食べました！ ぷるぷるデザートが簡単にできるんですね♪
楽しく作りました♪ プリンより簡単に美味しいプリン風ケーキができ驚きです♪おいし～☆",0,0,0,0,0,0,0,0,0,0,0,0,0,1,0,0,0,0,0,0,0,0,0,0
プリン,牛乳でオレオinバナナプリン,"['しっかり', 'とろっ', 'とろん', 'まったり']",バナナ消費にバナナプリン！いいですね～想像以上のとろとろ生クリーム・卵なしでコスパ最強！ まだデコってないけど  今からチョコクリームとオレオで可愛くします。 オレオなく(泣)ポッキー添えて食べました;プリン絶品でした♪ リピトロンとしたまったりプリンが美味しくて(^-^)甘さもしっかりあるしもう一つ食べたくなる美味しさに今日も家族大絶賛有難う 完熟バナナの甘みがとても引き立つぷりんです。 リピーターになりました！ 熟したバナナの甘さもプリンのプル②も美味しい～yesmamaさん塩クリームのせ更に甘さ感じながら少し早い休日おやつタイム満喫感謝,0.491043358,0,0,0,0,0.457368497,0.74141114,0,0,0,0,0,0,0,0,0,0,0,0,0,0,0,0,0
プリン,マシュマロでふわふわ♪みかん牛乳プリン,[],子供と作りました！これから冷やして食べるのが楽しみです！ 簡単に美味しくできました！みかんたっぷりで贅沢気分に♪ とっても簡単にできました。ふわとろで美味しかったです(*^^*),0,0,0,0,0,0,0,0,0,0,0,0,0,0,0,0,0,0,0,0,0,0,0,0
プリン,一度に美味しいプリンレアチーズケーキ,[],そのままでも、スッキリするようなソースをかけても美味しいです！ プリンの美味しさもチーズケーキの美味しさも味わえる、ひと粒で二度おいしい絶品ケーキ工程も簡単でまた作りたくなりました♪ プリンもクリチも大好きだから凄く楽しみでした想像以上に美味しいレアチーズケーキが優しい甘さになり極上の味いつも素敵Rp感謝,0,0,0,0,0,0,0,0,0,0,0,0,0,0,0,0,0,0,0,0,0,0,0,0
プリン,ヘルシオで話題のイタリアンプリンを手軽に,['すかっ'],ソフト蒸し40分ちょっとで上手に蒸しあがりました。クリームチーズひとパックを買うだけで出来たので、とても作りやすかったです 小二の娘と一緒にパパが作りました。、簡単で激うまでした。今度は実家への手土産にします。 うちもヘルシオなのでトライしました。美味しかったです。,0,0,1,0,0,0,0,0,0,0,0,0,0,0,0,0,0,0,0,0,0,0,0,0
プリン,ミルクたっぷりカフェオレプリン簡単,[],"コーヒーゼリーものせてみました　　(´ー`) ちょっとかたまりが弱かったので次回はもう少しゼラチンを増やしてみます´- `* 今回はちょっと甘めに仕上げました。ゼラチンの塊が残っていますが… コーヒー多めでほろ
苦ほんのり甘く。ID 変更されたんですね☆ 火を使わず簡単で子供だけでも作れそうです☆おいしくできました！",0,0,0,0,0,0,0,0,0,0,0,0,0,0,0,0,0,0,0,0,0,0,0,0
プリン,フライパンで☆簡単なめらか旨プリン☆,"['なめらか', 'ぷるぷる', 'ぷるぷる', 'ぷるぷる']","上手に蒸し上がりました。カラメル作って食べるのが楽しみです♪ フライパンが厚めだったので、様子を見ながら弱火の時間を多めに。すが入らずにできました。次はバニラエッセンスを入れてみます！ 火が消えてることに気付かず再加熱。素が入ってしまった…次は頑張る ホント簡単で、分かりやすい分量☆おいしく出来ました♪ こんなに簡単に美味しいプリンができるとは～！！感動しました！砂糖を減らして子供達もパクパク喜んで食べてました 材料参考にさせて頂きました♪ありがとうございます なめらかー
ぷるんぷるんー
何これ！",0,0,0,0,0,0,0,0.439770466,0,0,0,0,0,0.898110203,0,0,0,0,0,0,0,0,0,0
プリン,めちゃうま☆プリンケーキ,[],４歳の息子の誕生日に(*^_^*)！！簡単で美味しく出来ましたリピート確定です！！ 素敵なレシピありがとうございます上手く出来ました！ 2歳の誕生日ケーキにしました☆美味しかったです！スポンジ部分が少し固めでした、粉混ぜる時に混ぜ過ぎたのか、、また作ります♪ 牛乳を豆乳とアーモンドミルクに替えて作りました♪ すごく美味しくて大満足です。 綺麗に焼けました♪味も固さもスポンジとの割合もとてもバランスよく美味しかったです♪,0,0,0,0,0,0,0,0,0,0,0,0,0,0,0,0,0,0,0,0,0,0,0,0
プリン,特大固めプリン,[],母が固めのプリンを食べたいと言うので、その要望にお応えして作りました！とてもおいしかったです。 いつもは焦げてスがたっちゃうのに、大成功だったのは、アルミでフタをしたからかな☆子供達が帰ってくるのが待ちどおしー♪ おいしかったです！,0,0,0,0,0,0,0,0,0,0,0,0,0,0,0,0,0,0,0,0,0,0,0,0
プリン,豆乳プリン,"['つるっ', 'ぷるぷる', 'ぷるぷる', 'ぷるぷる']",つるんとしてて食べやすく美味しい 黒ごまを混ぜてみました。底にたまってしまいましたがアクセントになりました(^^)少しゆるく作りました。美味しかったデス♪ 甘さは抑えたかったので、黒蜜は無しで。プルンプルンにできました。,0,0,0,0.590568997,0,0,0,0,0,0,0,0,0,0.80698715,0,0,0,0,0,0,0,0,0,0
プリン,簡単玉子プリン,[],グラタン皿でドーンと！砂糖の代わりに蜂蜜で。 明日のおやつに仕込み冷蔵庫で冷やしてます（）明日の15:00が楽しみです★(  )★ 初めてでしたが、なにも難しいことはありませんでした。今度はどでかいプリンを作ろう…,0,0,0,0,0,0,0,0,0,0,0,0,0,0,0,0,0,0,0,0,0,0,0,0
プリン,ジャム消費に☆ぷるぷるいちごミルクプリン,[],簡単に美味しく作れました！ 固まるのが楽しみです！ありがとうございます。 食べかけでごめんなさい、すごく美味しかったので是非つくれぽをと慌ててました(´･∀･｀)バニラアイスも添えて来年も是非！,0,0,0,0,0,0,0,0,0,0,0,0,0,0,0,0,0,0,0,0,0,0,0,0
プリン,大きく作る固めのプリン(覚書),"['なめらか', 'ぷるぷる', '濃厚']",在庫の関係で、牛乳500、全卵4個で。ちょっと濃厚さにかけたー。今度はレシピどおり作ります。ちなみに翌々日が一番おいしかった！ プルプルなめらか美味しくいただきました 全く同じガラス容器があったのでこのまま作りました。きび糖で作ったので少しカラメルの様子は違いますが、優しい美味しさ、最高でした！,0,0,0,0,0,0,0,0.576105615,0,0,0,0,0,0.588268621,0,0,0,0,0,0,0,0,0,0.567487753
プリン,一つ20円ほど。大好評☆寒天で紅茶ぷりん,"['ぷるぷる', 'ぷるぷる', 'ぷるぷる', 'なめらか']",倍量で作りました！プルプル滑らかで、優しいお味でした☆３世代で美味しく頂きました♪ メープルシロップもかけてプルン紅茶プリン美味しいご馳走様でした 生クリームといちごのせ♪とっても美味しかったです！！ 大きい容器で作って切り分けました！ぷるりんとしてて美味しかったです！！,0,0,0,0,0,0,0,0.310325105,0,0,0,0,0,0.95063049,0,0,0,0,0,0,0,0,0,0
プリン,ゼラチンで簡単！豆乳プリン　紅茶プリン,[],紅茶味の豆乳とゼラチンで紅茶プリン♪  生クリームとナッツをトッピング☆ 豆乳が苦手な彼も気付かずペロリでした(*´艸`) 普通の豆乳で作り、黒蜜ときな粉と生クリームで飾り付けしました。とても簡単で失敗なく美味しく作れました！ 紅茶味豆乳で蒸さないプリン探してました！簡単で美味しかったです！,0,0,0,0,0,0,0,0,0,0,0,0,0,0,0,0,0,0,0,0,0,0,0,0
プリン,【材料3つ】昔ながらのプリン,[],簡単に作れて美味しいのでハマってます！固めプリン好きの息子にも好評 昔ながらのプリン、美味しい出来ました。子供たち大喜びです。 娘と一緒に作りました。美味でした。,0,0,0,0,0,0,0,0,0,0,0,0,0,0,0,0,0,0,0,0,0,0,0,0
プリン,失敗なし簡単プリン◎,[],レシピありがとうございます。プリン好きの娘のために作りました。 簡単に作れてよかったです！ありがとうございました！ 簡単でした★カラメルが失敗してしまい別レシピで作り直しましたが、家にあるもので美味しいプリンが出来て満足です！ 甘さ控えめで美味しかったです！有難うございました,0,0,0,0,0,0,0,0,0,0,0,0,0,0,0,0,0,0,0,0,0,0,0,0
プリン,簡単！プリン☆冷蔵庫で冷やすだけ,"['なめらか', 'ぷるぷる']","美味しい！
プルプルなめらかー
 簡単なのに美味しい ご指定の森永クックゼラチンでv市販のを真似てフルーツデコに",0,0,0,0,0,0,0,0.6996822,0,0,0,0,0,0.71445421,0,0,0,0,0,0,0,0,0,0
プリン,卵1個で♪ 牛乳多めのふるふるプリン,['ふるふる'],ケーキ屋さんにプリンを買いに行ったらお休みで急遽レシピ検索し辿り着きました。2歳の誕生日にフルーツ飾ります♪ 美味しかったです！ 小さめの器で５個も出来てお得気分ふるふる可愛いプリンでした,0,0,0,0,0,0,0,0,0,0,1,0,0,0,0,0,0,0,0,0,0,0,0,0
プリン,インスタントコーヒーでコーヒー牛乳プリン,[],美味しく出来ました。 上にアイスをのせたらちょうどいい甘さ♪とっても美味しかったです♪ 美味しくできました,0,0,0,0,0,0,0,0,0,0,0,0,0,0,0,0,0,0,0,0,0,0,0,0
プリン,いちごの♪ミルクプリン♪,"['なめらか', '濃厚']",違う果物で作ってみました！！！！プリンが濃厚で美味しかったです リピ2回目です♪苺がなく桃缶で作りましたが美味しかったです! いちごのデザートが食べたくて(^-^)なめらかで美味しかったです いちごソースも簡単に美味しく出来ました☆次はミント飾りたいです☆,0,0,0,0,0,0,0,0.712415151,0,0,0,0,0,0,0,0,0,0,0,0,0,0,0,0.701758258
プリン,プリン味のバスク風チーズケーキ,[],簡単にできました。プリンの味がして美味しかったです。 ワクワクドキドキのバスチープリンのお味がとっても美味しいデス 祝第1号！今後の自粛生活に備え、プ●チン一個、他半量で。美味感謝,0,0,0,0,0,0,0,0,0,0,0,0,0,0,0,0,0,0,0,0,0,0,0,0
プリン,簡単！イタリアンプリン☆固めのプリン,"['ねっとり', '濃厚']","カラメルソースが残っててちょっと足りなかったけど美味しく出来ました♪ねっとり濃厚で美味しい☆ 倍量で^^* オーブンのプリンモードで美味しく出来ました。 丸型しか無かったけど…
簡単でコクがあって美味しかったです",0,0,0,0,0,0,0,0,0.870143829,0,0,0,0,0,0,0,0,0,0,0,0,0,0,0.492797846
プリン,混ぜて焼くだけ！本格プリン,[],初めて作ってみましたが上手く出来ました少し、甘さが控えめだったので、砂糖を足したり、生クリームをかけると美味しいと思います 卵を美味しく消費できました。お茶の時間楽しめました。 2度目です！このレシピが一番簡単で美味しいと思いました！,0,0,0,0,0,0,0,0,0,0,0,0,0,0,0,0,0,0,0,0,0,0,0,0
プリン,ミルクプリン,['ぷるぷる'],こんにちは！冷たいプリンが美味お友達も見えてプリンにおめかし皆さんに喜んで頂きました★ご馳走様です(固めに作りました) 簡単でぷるんと丁度良い固さにとても美味しく出来ました☆ めっちゃカンタンに美味しく出来ました家族からもめちゃ好評でリピしようと思います！！,0,0,0,0,0,0,0,0,0,0,0,0,0,1,0,0,0,0,0,0,0,0,0,0
プリン,糖質制限アーモンドミルクプリン,[],アーモンドミルクとエリスリトールでヘルシーデザート 純ココア入りで気になるレシピがたくさんあってフォローさせてもらいました！ 卵だけカスタードも上にのせました。,0,0,0,0,0,0,0,0,0,0,0,0,0,0,0,0,0,0,0,0,0,0,0,0
プリン,糖質制限●低糖質イタリアンプリン,['濃厚'],"わたしはそのまま♪娘はホイップを足して(^^)同じ作り方でお互い美味しくいただきました♪ 美味しかったです。
チーズ濃厚なので味変にカラメルオススメです。 小さなカップでしたので20分加熱でした。もっと短くても良かったかも。美味しいプリンになりました。",0,0,0,0,0,0,0,0,0,0,0,0,0,0,0,0,0,0,0,0,0,0,0,1
プリン,牛乳パックでミルクプリン,['なめらか'],"美味しいです♪また、作ります！ なめらかで、美味しく作れました！こどもにも大人気でした！ 凄く簡単に作れました。
家族も美味しいと誉めてくれました。",0,0,0,0,0,0,0,1,0,0,0,0,0,0,0,0,0,0,0,0,0,0,0,0
プリン,砂糖控えめフライパンで作る簡単プリン,"['なめらか', 'なめらか']",家にあるものだけでつくれるのが良かったです。滑らかにできました。 子供達と一緒に作れました。なめらかで美味しかったです(^o^) 簡単で冷蔵庫にあるものであっという間に作り即食べました！ すごく見た目も良くて味もとてもおいしかったです。,0,0,0,0,0,0,0,1,0,0,0,0,0,0,0,0,0,0,0,0,0,0,0,0
プリン,鍋で湯煎蒸し！濃厚イタリアン風プリン,"['濃厚', '濃厚', '濃厚']",簡単にできて嬉しいですイタリアンプリン程濃厚すぎず、好みでした(^^)また作ります♪ 休日のおやつに作りました。濃厚で美味しかったです^ ^ 少し牛乳を入れすぎてしまった！けれど濃厚で美味しかった☆,0,0,0,0,0,0,0,0,0,0,0,0,0,0,0,0,0,0,0,0,0,0,0,1
プリン,混ぜて焼くだけ！濃厚チーズプリン,[],160°でも焼き過ぎかなと…チーズ80g、バニラエッセンスも使用 少しすが入ってしまいました。リベンジします！ 焼きたて膨らんですぐに縮むね(笑)牛乳であっさりおいしかったよ♪,0,0,0,0,0,0,0,0,0,0,0,0,0,0,0,0,0,0,0,0,0,0,0,0
プリン,超絶簡単♪フライパンでプリン,[],"超簡単ですね。すも入らないし。紅茶ゼリーを載せました。 簡単に美味しくできました。
ありがとうございます。 私でも簡単に美味しくつくれました。有難うございます。 もう買いません(笑)必ず家にある材料なのでさいこーです ちょっびり加熱しすぎましたがおいしくでしました！ 凄く簡単に失敗なく出来ました(*^^*)",0,0,0,0,0,0,0,0,0,0,0,0,0,0,0,0,0,0,0,0,0,0,0,0
プリン,簡単！マンゴーバナナプリン,[],バナナ救済で作りました。簡単で美味しかったです。 ヨーグルトとフルーツの酸味が美味しいですバナナとマンゴー合いますね お気に入りでまた作りました♪残り５つ！笑 残り2 つに。美味しくて幸せ～,0,0,0,0,0,0,0,0,0,0,0,0,0,0,0,0,0,0,0,0,0,0,0,0
プリン,簡単ヨーグルトプリン♪#おうちスイーツ,[],ひな祭りにピッタリ！ありがとうございました。 さわやかで美味しい！クッキー敷いて、ベリージャム乗せました。 さっぱり優しいプリンですねq(^-^q)また作りますm(__)m いちごを美味しく食べたくてデザートとして作りましたありがとうございます！(^^),0,0,0,0,0,0,0,0,0,0,0,0,0,0,0,0,0,0,0,0,0,0,0,0
プリン,イタリアンプリン,[],アレンジごめんなさいm(__)mマスカルポーネ救済りぴしました(^_^)簡単なのに本格的プリン★あまり固くないので大好きです 実は3回目。少し柔らかめで甘めなのですが砂糖を減らして。家族に大好評だったのでお世話になってる友達にもプレゼントです 少し巣が入りましたがとっても美味しい～(*´∇｀*) 豆乳で作りました！カラメルタブレットの跡が気になる… 何度もリピしてます。生クリーム無しですが、本格派！毎回、家族に喜ばれます！ 全卵使用で無駄がない！,0,0,0,0,0,0,0,0,0,0,0,0,0,0,0,0,0,0,0,0,0,0,0,0
プリン,レンジで！イタリアンチーズプリン☆,['なめらか'],"こっちの方が綺麗に型出しできたので送りなおします∩^ω^∩ お手軽なのがいいですね☆身近な材料も嬉しい本物食べたことありませんが滑らかに仕上がりました☆ とっても美味しく出来ました！また作ります！
",0,0,0,0,0,0,0,1,0,0,0,0,0,0,0,0,0,0,0,0,0,0,0,0
プリン,豆乳プリン★ゼラチン使用,['なめらか'],簡単で、優しい味で美味しかったです。ダイエット中のおやつにしようと思います！ 豆乳でやさしい甘さのプリンでした♪ 同分量のラカントで作りました。甘味ちょうどよくなめらかでおいしい！リピします！ コーヒーを少し入れ、ゼラチンもその分多めに入れました。懐かしいババロアの様です。,0,0,0,0,0,0,0,1,0,0,0,0,0,0,0,0,0,0,0,0,0,0,0,0
プリン,我が家のとろとろプリン♪ゼラチン使用,"['とろっ', 'なめらか', 'ぷるぷる', 'ぷるぷる', 'ぷるぷる', 'ぷるぷる']",ぷるんぷるんー とろっとろプルプルなめらかー 娘にバケツ1杯食べられる！と言われました。フルーツを添えて^_^,0,0,0,0,0,0.325304555,0,0.293446305,0,0,0,0,0,0.898925032,0,0,0,0,0,0,0,0,0,0
プリン,マジ激うま！材料3つ！オーブン不要プリン,[],火加減がわからず失敗しましたもう少し詳しく書いてほしかったです とても簡単で美味しかったです すが入ることなく美味しくできました！カラメル作るのめんどくさかったのでアイスとリキュールをかけて。 プリンもカラメルも美味しくいただきました。 とても簡単にできました！カラメルなしでも美味しいですまた作りたいです！,0,0,0,0,0,0,0,0,0,0,0,0,0,0,0,0,0,0,0,0,0,0,0,0
プリン,みんな大好き　極上カスタードプリン簡単,['なめらか'],"なんだこれ！
美味しい！ たくさんできました！娘達だけでなく、滅多に褒めないダーリンにも好評でした♪ 昨日今日と2日連続で作ってます！簡単でホントに美味しい！！ 家にある材料で簡単に作れました。味も美味しくなめらかなプリンでした！また作ります！美味しいレシピありがとうございました。",0,0,0,0,0,0,0,1,0,0,0,0,0,0,0,0,0,0,0,0,0,0,0,0
プリン,材料３つ！黒糖でコク旨固めプリン,"['すかっ', '濃厚']",黒糖＆プリンにハマって。材料も道具も少なめで簡単でした。 黒糖がなかったのできび砂糖で代用しました。レシピがわかりやすく理想の固さになり、美味しくできました。 蜂蜜で作ってみました！レシピすごくわかりやすかったです！ プリン型がなくグラタン皿で材料少なく簡単に作れました！好みの硬めプリンに出来上がり、黒糖のおかげでとっても美味しかったです♪ 新鮮な牛乳をもらったので、黒糖と白砂糖、半々でつくりました。濃厚、程よい固めてまいう～！,0,0,0.839169556,0,0,0,0,0,0,0,0,0,0,0,0,0,0,0,0,0,0,0,0,0.543869889
プリン,セブン風☆再現☆簡単イタリアンプリン,"['ねっとり', 'もちもち', 'もちもち']",ゼラチンで固めるレシピは貴重です。ありがとうございます！もっちり固めで美味しいです。 セブンのイタリアンプリン、いつも売り切れで食べた事ないから、作りました。こういうねっとりなプリンなんですね！めちゃウマでした。 「焼き」が多い中手軽に固めるレシピに惹かれました。もっちり固くて美味しい家で作れるからうれしい！,0,0,0,0,0,0,0,0,0.794812803,0,0,0,0,0,0.606854685,0,0,0,0,0,0,0,0,0
プリン,いちばんシンプルな牛乳プリン,[],シロップを作りブルーベリーを飾りました^^美味しかったです♪ 少ない材料で簡単に出来ました。美味しかったです！ 作り方がお手軽な上、懐かしい味がしました。また作ります。 とーーっても簡単に作れましたありがとうございます！,0,0,0,0,0,0,0,0,0,0,0,0,0,0,0,0,0,0,0,0,0,0,0,0
プリン,簡単！豆乳きなこプリン,"['とろっ', 'なめらか', 'ふわふわ']",豆乳で美味しいデザートが出来ました！上に黒みつをのせました。ご馳走さまです。 きな粉好きには嬉しいレシピ♪美味しかったです(*^^*) ココアと牛乳で作ってみました。子供に好評です。美味しい。 とろとろふわふわで美味しかったです♪リピ決定です。 なめらかで優しい甘さ。超簡単、美味しかったです。,0,0,0,0,0,0.528909277,0,0.477111281,0,0,0,0.701868793,0,0,0,0,0,0,0,0,0,0,0,0
プリン,とろとろプリン,"['とろっ', '濃厚']","濃厚でとろとろで美味しかったです めちゃくちゃ簡単で美味しくできました！ おみやげの空き瓶で作れました！
次はカラメルありで。",0,0,0,0,0,0.747526733,0,0,0,0,0,0,0,0,0,0,0,0,0,0,0,0,0,0.664231725
プリン,ミルクプリンandカフェオレプリン,"['ふるふる', 'ぷるぷる']",何度もリピしてます！大好き！ロイヤルミルクティーの粉にしてます。 ミルク→黒ごまにしました！プルプル美味しい～リピ!! とっても簡単に出来ました♪美味しかったです(*^^*) 撮れてなくて急遽食べかけを！全部コーヒー味ふるふる食感～ 簡単でとっても美味しかったです！,0,0,0,0,0,0,0,0,0,0,0.78651506,0,0,0.617571098,0,0,0,0,0,0,0,0,0,0
プリン,レンジで簡単！混ぜるだけプリン☆,['なめらか'],簡単でなめらかにできました！ カラメルが少し焦げてしまったのでまたtryします！簡単レシピありがとうございます！リピ決定です！ ジャムの空き瓶があったので今回は湯煎で^^;次はレンジでやってみます。分かりやすい分量で簡単でした。 甜菜糖と豆乳を使い、美味しくできました。,0,0,0,0,0,0,0,1,0,0,0,0,0,0,0,0,0,0,0,0,0,0,0,0
プリン,昔ながらのシンプルで少し固めなプリン,[],探し求めていた味と固さでした グラマシーニューヨークのカップで作りました！プリンがだいすきな母も美味しいと喜んでくれました 子どもの頃以来会えていなかったプリンに会えました(;o;)リピ確です(*´-`) 美味しかったです♪ありがとうございます! 一番作りたかった固さと味でした。カラメルの作り方もわかりやすく味も最高リピしますごちそうさまでした,0,0,0,0,0,0,0,0,0,0,0,0,0,0,0,0,0,0,0,0,0,0,0,0
プリン,材料3つ！フライパンで簡単プリン♪,['ぷるぷる'],美味しかったです^_^ 美味しかったです(^^) 固まらなかったので中火で蒸しました！簡単に出来ました！ありがとうございました！ カラメルは先に流しました。美味しかったです。 固めるのに少し苦労しましたが、材料も３つ、簡単に手軽に作れました！ ちゃんと固まってカラメルのコツも大正解でした。初めて良い色のカラメルが出来ました。プリンも固すぎずぷるんと柔らかくて良かった！ 黒糖（15gでも多かったかも）カラメル無しで作ったので見た目あれですが^^;美味しかったです！子供がとても喜んで食べました^ ^,0,0,0,0,0,0,0,0,0,0,0,0,0,1,0,0,0,0,0,0,0,0,0,0
プリン,混ぜて固めるだけ簡単抹茶みるくプリン,"['ぷるぷる', 'ぷるぷる']",昨日に続きホイップクリームとヤマモモをのせました♪とっても美味しくできプルプルで最高◎素敵なレシピありがとうございます ２層になりきれいに抹茶プリンの完成♪美味しくでき満足です♪素敵なレシピありがとうございます あんこときな粉とホイップクリームのせ♪ぷるぷるで美味しい～！,0,0,0,0,0,0,0,0,0,0,0,0,0,1,0,0,0,0,0,0,0,0,0,0
プリン,可愛い春色のミルクプリン,"['ぷるぷる', 'ミルキー']",練乳入りがいいですねトピ、自己流でごめんなさい柔らかさもぷるん②で一緒に頂いた娘も大喜びでしたよ有難う 久し振りに手作りスイーツ作りました無印に立ち寄りチョコを見付けてあっこれだわって思ったの練乳まだあるからまたリピするねー 皆様みたいに可愛くないけど苺パウダーかけで♪とっても美味しく感謝 こんにちはちょっと分かりにくいけど苺パウダーと、カットしたピスタチオ乗せたのよ～今日も美味しく頂きました 練乳を入れるとリッチ感upおもてなしにも良いね自粛で無印に行けなくて苺チョコ無いので苺パウダー使ってみたよアレンジ楽しい またまた可愛いデザートレシピ練乳入りでよりミルキーですね！やっと此方は雪が溶けてきて春らしくなりました,0,0,0,0,0,0,0,0,0,0,0,0,0,0.479715555,0,0,0,0,0,0,0.877424063,0,0,0
プリン,材料3つで簡単！美味しいプリンができる！,"['とろっ', 'なめらか']",滑らか、簡単です。 簡単です。 美味しく出来ました 生クリームが入っているみたいにとろとろです甘さ控えめで、やさしいお味。オーブン不要のこのレシピ。また作らせてもらいます！,0,0,0,0,0,0.742530723,0,0.669812007,0,0,0,0,0,0,0,0,0,0,0,0,0,0,0,0
プリン,◇ぎりぎりプリン◇,['ふるふる'],いい感じに作れました。 ゼラチンで作りましたが表示の量だと全く固まらず、三回袋半分ずつ増やしてやっとこんな感じでした。。 寒天で作りました ふるふるでメープルかけてもおいしかった(^^),0,0,0,0,0,0,0,0,0,0,1,0,0,0,0,0,0,0,0,0,0,0,0,0
プリン,簡単ブルーベリーミルクプリンおうちカフェ,[],イチゴジャムでも作ってみました ストロベリー味にしてみました♪美味しかったです！ 美味しくできました！,0,0,0,0,0,0,0,0,0,0,0,0,0,0,0,0,0,0,0,0,0,0,0,0
プリン,春スイーツ♪簡単いちごミルクプリン,"['ざらざら', 'ふるふる', 'ぷるぷる', 'なめらか', '濃厚', '分離', '分離', '分離']",苺を粗めにしたので分離してしまいましたが味は美味しかったです イチゴピューレを混ぜたら分離？してざらざらした感じになってしまいました:( ´ω` ): ふるふるで、好みのかたさでした！生クリーム不使用でも、濃厚で美味しいデザートになりました♪ ムース層とゼリー層に分離してしまいました何故かなー？でもそれはそれで美味しかった！お砂糖控えめでも良いかもしれない 手作りイチゴジャムを乗せてみました。とてもおいしく出来て、大満足です。 牛乳不足分をヨーグルトで代用しました。フレッシュないちご味！あっさりプルプル美味しかったです。 とろーり滑らかいちごミルクプリンが簡単にできました！,0,0,0,0,0,0,0,0.355033206,0,0,0.461702927,0,0,0.362528829,0,0,0,0,0,0,0,0.638003897,0,0.349722326
プリン,プリン？とろとろ濃厚バスクチーズケーキ,['濃厚'],きれいに仕上がりました！一晩寝かせて食べると濃厚で美味しかったです(.   .) スゴい美味しかったです♪ 重くなく食べやすい。ちょっと焼き過ぎたかな,0,0,0,0,0,0,0,0,0,0,0,0,0,0,0,0,0,0,0,0,0,0,0,1
プリン,レンジdeマグカッププリン（とろとろ）,[],レシピありがとうございました。プロテインも入れてタンパク質も追加して作りました。 本当簡単！カラメル無くても全然美味しい。子供のおやつにリピ確定！ コップが小さくてギリギリでしたがとても美味しかったです！,0,0,0,0,0,0,0,0,0,0,0,0,0,0,0,0,0,0,0,0,0,0,0,0
プリン,チーズプリンケーキ,"['なめらか', 'なめらか', 'なめらか']",半量で作りました～滑らかでチーズ感もあってとても美味しかったです(^^)リピ確定です ほんとになめらかでおいしいチーズプリンができました感謝 小さなカップで焼きました☆なめらかでおいしかったです(^^)♪,0,0,0,0,0,0,0,1,0,0,0,0,0,0,0,0,0,0,0,0,0,0,0,0
プリン,昭和感漂うカスタードプリン,"['しっかり', 'なめらか', 'ぷるぷる']","しっかりしてるけど固すぎず柔らか家族大絶賛の味でした！甘さも丁度良い！！ うんまぁー
プルプルなめらかプリン マグカップで作りました。レシピありがとうございました。 ちょっとカラメル薄めになりましたが、美味しかったです！良い感じ！",0.639920927,0,0,0,0,0,0,0.537664324,0,0,0,0,0,0.549015739,0,0,0,0,0,0,0,0,0,0
プリン,バレンタイン！　チョコソースミルクプリン,[],小5の私でも簡単に作れました！チョコ無しでも美味しかったです！ モスカバドで色黒に。ルビーチョコ使用です。美味 プリンの甘さがちょうどいいソースも簡単でとっても美味○´∀｀○,0,0,0,0,0,0,0,0,0,0,0,0,0,0,0,0,0,0,0,0,0,0,0,0
プリン,【バナナの大量消費に】バナナプリン,"['しっかり', 'ねっとり']",バナナ消費に しっかり固まってた！バナナのねっとり＆ココアでほろ苦お手軽でした ミロなしで作りました！とても簡単で楽々！固まるのが楽しみです～♪,0.564727056,0,0,0,0,0,0,0,0.825277742,0,0,0,0,0,0,0,0,0,0,0,0,0,0,0
プリン,ミルクプリン？中東の簡単おやつサハレップ,[],雨で肌寒いので作りました。いつも一人分で作ってます リピです。今回はココナッツとシナモンも入れて。とてもおいしかった ココナッツオイルで代用したけど…私的にはありだと思った。 ミルク葛湯みたいですね。先に水で片栗粉を溶いた方がいいようです。 胃が弱ってるときに作ってみました。優しい味が何とも言えず美味。 レポ1位!ただの牛乳にみえますが…おいしい!バニラエッセンスで,0,0,0,0,0,0,0,0,0,0,0,0,0,0,0,0,0,0,0,0,0,0,0,0
プリン,超簡単☆こく旨ぷるるんなめらかプリン,"['しっかり', '濃厚']",何度作ってもスが入ってしまったのですが、このレシピで初めて綺麗なプリンが作れました！ 石油ストーブを買い、上で料理楽しみました。けっこうしっかり目にできたので、みかんシロップ煮をのせてみました。美味。また作ります。 濃厚で美味しくできました！家にあるもので簡単に作ることができて大満足ですバニラビーンズがなかったので次回は入れてみます,0.770375537,0,0,0,0,0,0,0,0,0,0,0,0,0,0,0,0,0,0,0,0,0,0,0.63759041
プリン,新感覚♪ストロベリー&プリントースト,['サクサク'],めちゃ美味しい～＊好評カフェ気分で美味しい紅茶で頂きました！ いちごもプリンも大好きなので作りました♪美味しい～！！ サクサクのフレンチトーストの感じです見た目よりも甘さ控えめでさっぱりといただけます美味しかった～ごちそうさまでした,0,0,0,0,0,0,0,0,0,0,0,0,0,0,0,0,0,0,1,0,0,0,0,0
プリン,ゼラチンで作るココアプリン,[],倍量で作れば良かったとっても美味しいです 朝作っておやつには食べられるのがいい！！ ココア増しにしたからか、溶け残りがで(笑)食べるの楽しみです☆ 飾り付けもしてみました。甘過ぎず美味しかったです^_^,0,0,0,0,0,0,0,0,0,0,0,0,0,0,0,0,0,0,0,0,0,0,0,0
プリン,もちとろ糀甘酒プリン,"['しっかり', 'とろっ', 'とろっ', 'もちもち']",そこにカラメルを入れて作りました。プリンだけどお餅のもっち～りと伸びる食感がしっかりとあり、面白いです！ とろとろで不思議な食感きな粉と黒蜜で頂きました もちもちとろとろ新食感で美味しい2日連続で作りました(^^) 黒蜜ではなくカラメルソースで！子供も喜んで食べてくれました♪ もちとろでとても美味しかったです♪,0.566817672,0,0,0,0,0.527946347,0,0,0,0,0,0,0,0,0.632447928,0,0,0,0,0,0,0,0,0
プリン,基本のカスタードプリン,['すかっ'],美味しくできました。簡単なのでまた作ります。 シンプルな材料だけで出来て美味しい！レシピありがとうございます とっても美味しかったです！動画も分かりやすかったです^ ^ レシピはそのまま、鍋で10分蒸しました。子供が喜んで食べてくれて嬉しかった！ 口当たりの良いプリンでした！よくばって大きくしました('v'),0,0,1,0,0,0,0,0,0,0,0,0,0,0,0,0,0,0,0,0,0,0,0,0
プリン,季節のデザート☆とっても簡単！柿プリン,"['しっかり', 'なめらか', '濃厚']",我が家は硬めの柿が好きなので、熟れ過ぎた柿の消費に役立ちました。固まるまで時間かかりましたが、滑らかプリン風に仕上がりました 混ぜて冷やして固めるだけ、ミラクルレシピ( *´艸`)感謝合掌(**).｡.:* とても簡単に出来て、とても美味しく出来ました。 とっても簡単にできました！柿の味がしっかりして美味しかったです～♪砂糖を少なめにしてみました！ 苦手な柿をもらったのでプリンに。表面は固まったけど、一晩置いても下の方はあまり固まりませんでしたT_T 甘さおさえめのプチプチ食感で大人の味わいになりました 柿の味がさらに濃厚になり、おいしかったです！すが入っちゃったので見た目はあまりですが(^^;,0.646721172,0,0,0,0,0,0,0.54337792,0,0,0,0,0,0,0,0,0,0,0,0,0,0,0,0.535249625
プリン,我が家のカスタードプリン,['つるっ'],パウンド型で。つるつるでとてもおいしかったです。子どもがとても喜んでくれました！ コロナで家での何かを探していたら！ビンゴ簡単美味しいで大満足です 入れ物が茶碗蒸しなので抜けませんが甘くって美味しいです。 簡単、でも王道プリン！ですね。 家族全員で争奪戦になりました！レシピ感謝です！,0,0,0,1,0,0,0,0,0,0,0,0,0,0,0,0,0,0,0,0,0,0,0,0
プリン,低糖質プロテインプリン,[],私もより糖質を下げるためにアーモンドミルクに変更しました。泡立ててしまったので表面に泡が… めちゃくちゃ美味しいです！牛乳の代わりにアーモンドミルク でさらに糖質カットしました^_^これはリピ確です 冷たくておいしいです。メープルシロップをかけて食べました。,0,0,0,0,0,0,0,0,0,0,0,0,0,0,0,0,0,0,0,0,0,0,0,0
プリン,酒粕ぷりん♪,['しっかり'],余った酒粕で苺酒粕ぷりんとショコラ酒粕ぷりん美味しい～♪ゆゆゆさんつくれぽありがとう ヨーグルトで爽やかに。酒粕味しっかりで美味しかったです。 ヨーグルト×豆乳プリン。自家製レモンのはちみつ漬けで甘さを加えました。レアチーズみたいでおいしかったです♪ 酒粕とヨーグルトで抹茶プリンを作りました。ヘルシーなのに、あんこと生クリーム添えてしまいました。とても美味しかったです。 暖かくなってきたので、酒粕でひんやりぷりん美味しい酒粕が余っていたらぜひ☆ 酒粕甘酒で作るぷりん、とっても美味しいです。,1,0,0,0,0,0,0,0,0,0,0,0,0,0,0,0,0,0,0,0,0,0,0,0
プリン,柿プリン,['ぷるぷる'],不思議!混ぜただけでプルンッ! ほんとに固まった！！ 本当に簡単で美味しい！ホイップを足すだけでスイーツですよね。 とっても簡単で美味しかったです！またつくります。,0,0,0,0,0,0,0,0,0,0,0,0,0,1,0,0,0,0,0,0,0,0,0,0
プリン,甘さ控えめ電子レンジでプリン,[],夕飯後に何かスイーツがほしくなって、思い立って作ってみました！かんたんだし甘すぎず夜の別腹にぴったりでした(*  *) 一瞬でできてしまいますね。手軽にできる素朴なスイーツです。 すごく簡単にプリンが出来て嬉しかったです！また作ります！有難う！ 簡単にできました(*^^*) 簡単で甘さ控え目で、とっても美味しかったです～。また作りますね。,0,0,0,0,0,0,0,0,0,0,0,0,0,0,0,0,0,0,0,0,0,0,0,0
プリン,生クリームなし！絶品カスタードプリン,[],プリンはもうこのレシピでしか作らない！！笑　私史上最高のプリン！ 美味しかったです カラメルはカロリー削減の為無しでしたが家にある材料で作れました,0,0,0,0,0,0,0,0,0,0,0,0,0,0,0,0,0,0,0,0,0,0,0,0
プリン,練乳好きさんに♪ブラジルプリン～ブヂン,[],簡単で美味しかった！ コッテリ美味しい穴はカラメルタブレットの跡 Stay homeで作りました。美味しい～リピしますね。,0,0,0,0,0,0,0,0,0,0,0,0,0,0,0,0,0,0,0,0,0,0,0,0
プリン,南瓜のなんちゃってプリン,"['どっしり', '濃厚', '濃厚', '濃厚']",濃厚(o´艸`)どっしり食べ応えあり♪♪皮ごと栄養満点体に良いおやつ感謝です 南瓜の皮ごと使うので濃厚かつ食べごたえ十分！凄く美味しいです♪南瓜好きの娘には特大サイズでレシピをありがとうございました！ う~ん美味し♪南瓜の美味しさ堪能しました！家族にも大好評で有難う かぼちゃ好きなので皮は大事に活用したくまるごと濃厚プリンと名前を変えていただきたいくらいですよ！美味しかったです,0,0,0,0,0,0,0,0,0,0,0,0,0,0,0,0,0,0,0,0,0,0,0,1
プリン,美味しくてなめらかな【柿プリン】です,[],"1年ぶりに作りました!二人分なので、柿1個で80㍉の牛乳に砂糖大匙1で丁度良かったです。本当に美味しくて柿がある時また食べたい! 科学の実験みたいで☆
息子っちと楽しく作りました
(^-^) 簡単でおいしい!ホイップクリームがなかったのでみかんをトッピング",0,0,0,0,0,0,0,0,0,0,0,0,0,0,0,0,0,0,0,0,0,0,0,0
プリン,ゼラチンで簡単！とろとろ豆乳プリン,"['とろっ', 'とろっ', 'とろっ']",豆乳ゼリーにきな粉のトッピングが合いますね蜜はオリゴ糖で代用しました。とろとろした食感が美味しいですねまた作りたいです。 簡単に作れて、ホントにとろとろっでした(*^^*)また作ります♪ 簡単に少ない材料でできました。,0,0,0,0,0,1,0,0,0,0,0,0,0,0,0,0,0,0,0,0,0,0,0,0
プリン,ミキサーでかぼちゃのプリン,['なめらか'],美味しかったです カボチャの味もして、とても美味しかったです！(∩´∀`∩) ちょい焦げましたが…とっても滑らかで美味しく出来ました^_^ 貰ったかぼちゃでおじさんチャレンジ、簡単＆バカ旨でした！,0,0,0,0,0,0,0,1,0,0,0,0,0,0,0,0,0,0,0,0,0,0,0,0
プリン,柿の硬めのプリン(ミキサー不使用),"['とろっ', 'ゆるゆる']","30秒2でゆるゆる～だったので思い切って1分チンしたら固まりました♪柿によるのかな。 柿ソースもかけてとても美味しく頂きました。ご馳走様 ミキサー無しが嬉しい♪
ヘルシーで美味しい♪
きっとリピします♪ わぁ～、固まった！おもしろ～い！驚きです！！ 牛乳がアレルギーなのでアーモンドミルクで作ってみました！ 柿3個分で、大皿でしたので気泡が残りましたが味は楽しみです♪ 牛乳半分にしたらレンチン50秒でとろとろで冷やしたら固まりました",0,0,0,0,0,1,0,0,0,0,0,0,0,0,0,0,0,0,0,0,0,0,0,0
プリン,焼き芋で☆さつまいものぷりん,[],念願叶って紅あづまで♪ココナツミルクと焼き芋香りが堪らないひぃカラメルソースも美味し過ぎ～ゼラチン使い手軽さも魅力的☆有難う 冷凍しておいたさつまいもで作りました。ココナッツミルク美味しい ココナッツミルクたっぷりで美味しかったです♪メープルもいいけど黒蜜も合う！,0,0,0,0,0,0,0,0,0,0,0,0,0,0,0,0,0,0,0,0,0,0,0,0
プリン,簡単レンジで懐かしプリン,"['ぷるぷる', 'ぷるぷる']",子供でも簡単に作れました。 子供でも簡単にできました。 湯煎で作りました。簡単にできて美味しいです めっちゃ簡単でした！ぷるぷる フライパンで！ぷるぷるで美味しいです！めっちゃ卵！ 子供が急に作ってと言ったのでグラタン皿ですが、美味しかったです。,0,0,0,0,0,0,0,0,0,0,0,0,0,1,0,0,0,0,0,0,0,0,0,0
プリン,混ぜて冷やすだけ　簡単きな粉プリン,['なめらか'],豆乳で美味しく出来ましたきな粉が沈殿する事もなく固さも丁度良し簡単で美味しい。リピします。 餡子多めに飾りました(笑)少し二層になりましたが☆美味しいです♪ 簡単なのに、売り物みたいになめらかでおいしかったです♪ 味見☆きな粉が沈殿してたけど美味しい(*´艸`*)黒蜜で御馳走様 二層になってしまったけど違った食感で美味でした黒蜜かけました♪,0,0,0,0,0,0,0,1,0,0,0,0,0,0,0,0,0,0,0,0,0,0,0,0
プリン,（覚書）ぼっちゃんかぼちゃ丸ごとプリン,[],美味しかったです(^^) うちのレンジでは種&ワタをくり抜いて追加1分しました。美味 崩れましたが、素朴でおいしいです,0,0,0,0,0,0,0,0,0,0,0,0,0,0,0,0,0,0,0,0,0,0,0,0
プリン,10分★とびっきり美味1L滑らかプリン　,"['なめらか', 'なめらか', 'ぷるぷる', 'ぷるぷる', 'ぷるぷる']","簡単プルプル！美味しかったです！ プルプルーなめらかープルプルなめらかー
感動！ 家にある材料なのにスッゴく美味しい！家族にも大好評。リピします！ 甘さ控えめで美味しかったです(^^)子供らが大喜びでまた作ります",0,0,0,0,0,0,0,0.6996822,0,0,0,0,0,0.71445421,0,0,0,0,0,0,0,0,0,0
プリン,調理用のボールでジャンボプリン,[],小1の息子の夢が叶いました！家族4人で半分ペロリ！また明日も美味しくいただきます。 簡単に、そして美味しく出来ました！ スクエア型で作りました。大きいし美味しいしで、大満足です。プリンはやっぱり固めが好き！ カラメルがダメでしたけど美味しかったです。次回はハーフでします☆,0,0,0,0,0,0,0,0,0,0,0,0,0,0,0,0,0,0,0,0,0,0,0,0
プリン,レンジで簡単ニコニコたまごぷりん,[],すごく簡単にできるまた作りたくなること間違いなし！！ 息子の家庭科の宿題でつくりましたレンジで簡単にできました！ 簡単レシピありがとうございました！,0,0,0,0,0,0,0,0,0,0,0,0,0,0,0,0,0,0,0,0,0,0,0,0
プリン,簡単♪ゼラチンで作るみっちりプリン,"['なめらか', 'ぷるぷる']","みっちりしてますね(笑)！美味しく頂きました♪ うまい
プルプルなめらかー 美味しくて子供たちに大人気!!!何度も催促されます(*^_^*)",0,0,0,0,0,0,0,0.6996822,0,0,0,0,0,0.71445421,0,0,0,0,0,0,0,0,0,0
プリン,フライパンで簡単すぎるプリン♪,[],今まで作った中で一番簡単でした♪甘さ控えめが私にはちょうどいいです☆ 倍量で作！プリン大好物でタイトルの簡単すぎるに惹かれ挑戦しました固まるか心配でしたが無事完成優しい甘さで家族から大好評！ 砂糖を蜂蜜に変えて、蜂蜜を大さじ2で作ってみました。美味しいです なかなか固まらず苦戦…汗 優しい甘さで子供と美味しく頂きました♪,0,0,0,0,0,0,0,0,0,0,0,0,0,0,0,0,0,0,0,0,0,0,0,0
プリン,濃厚黒ごまプリン／粉末かんてん使用,[],"寒天の喉越しと黒ごまの風味がよくあってますね。 ごまたっぷりで美味しかったです！！ ゴマの味と香りがとても良かったです。また作ります。 黒ごまアーモンドきなこで作りました。美味しかったです！ 美味しいです♪
また作ります(^^) 子どものおやつに作りました美味しかったです！ありがとうございます",0,0,0,0,0,0,0,0,0,0,0,0,0,0,0,0,0,0,0,0,0,0,0,0
プリン,カスタードプリン,['なめらか'],こんなに滑らかでスの入ってないプリン初めて出来ました！これからはずっとこちらのレシピ使わせていただきます！ありがとうございます 久しぶりに作りました。基本のレシピありがとうございます(笑) 孫に食べさせたいので久しぶりに作りました。 カップが大きかったため、10分多く蒸しました。美味しかったです。 カップが大きかったためプラス10分で蒸しました。美味しかったです,0,0,0,0,0,0,0,1,0,0,0,0,0,0,0,0,0,0,0,0,0,0,0,0
プリン,糖質制限＊超簡単絶品みるくプリン,[],アーモンドミルクや豆乳をラカントで。糖質制限中のおやつに大活躍！ バナナ豆乳で♪甘味抜きでも大満足です！ 冷凍苺を添えて♪みました。ありがとうございました～!!,0,0,0,0,0,0,0,0,0,0,0,0,0,0,0,0,0,0,0,0,0,0,0,0
プリン,レンジde簡単☆もっちり豆乳プリン♪,"['もちもち', 'もちもち']",まさかの何日か前に賞味期限切れのバナナ豆乳でも美味しー 簡単にもっちり美味しくできました(  ) 簡単でもっちり美味しかったです！！,0,0,0,0,0,0,0,0,0,0,0,0,0,0,1,0,0,0,0,0,0,0,0,0
プリン,アーモンドミルクで作るプリン,[],優しい甘さで簡単に美味しく出来ました！ 美味しく出来ましたまた作ります(^^) アーモンドミルク1リットル使ったので7個分出来ました。男子にはもぅちょっと甘さ控えめでもいいと言われましたが美味しく出来ました！,0,0,0,0,0,0,0,0,0,0,0,0,0,0,0,0,0,0,0,0,0,0,0,0
プリン,ほうじ茶豆乳プリン,[],簡単で美味しく作れました！ほうじ茶濃いめで大人の和プリン。 おいしかったです(^^) 優しい味でとっても美味しかったです 煮出し中のの香り高さにうっとり～食べてまたうっとり～好みです！ 大好評でした！,0,0,0,0,0,0,0,0,0,0,0,0,0,0,0,0,0,0,0,0,0,0,0,0
プリン,鏡のようなカスタードプリン,['なめらか'],"きれいに美味しくできました とても美味しく、出来ました。ありがとうございます。またリピしたいと思います。 キラッ☆うまぁ。o○
す がたちまくりだけど美味しく出来ました なめらかで甘さもちょうどよかったです♪今度は大きい型で作ります☆ カップにしたんですけどキレイに出来ました！
レシピありがとです 美味しかった♪オープンが強いので次は温度下げて焼いてみます",0,0,0,0,0,0,0,1,0,0,0,0,0,0,0,0,0,0,0,0,0,0,0,0
プリン,簡単！材料４つ！プリンチーズケーキ,"['濃厚', '濃厚']",濃厚で美味し！ パウンド型使ったので型出しで少しくずれました^^;確かにチーズケーキとカラメル、ありそうでなかった！濃厚 プリンもチーズも両方味わえて美味しかったですm(__)m,0,0,0,0,0,0,0,0,0,0,0,0,0,0,0,0,0,0,0,0,0,0,0,1
プリン,ココナッツ・バニラぷりん,"['クリーミー', '濃厚', '濃厚']",ココナッツミルク大好き～クリーミーでコクがあって美味しかったですご家族で素敵な休暇を過ごして下さいね♪ ココナッツミルクとバニラアイスでコクのある美味しいぷりんありがとうブログもいつも楽しみ～気象病お大事になさってね♪ つくれぽ＆ブログご紹介ありがとうココナッツミルク常備だよ～濃厚で美味☆ストレスに漢方効くとよいですね。お大事になさってね！ ココナッツミルク大好き！アイス入れるなんて素敵アイディア濃厚で旨,0,0,0,0,0,0,0,0,0,0,0,0,0,0,0,0,0,0.85838795,0,0,0,0,0,0.513001099
プリン,コーヒーグラニテとクリームチーズのプリン,[],生クリーム切れで牛乳+クリープにて。春らしいさっぱり味で美味です 生クリーム切れで牛乳+クリープで。春らしいさっぱり味になりました 日曜のちょっと贅沢なデザートに。グラニテもとても美味しかったです,0,0,0,0,0,0,0,0,0,0,0,0,0,0,0,0,0,0,0,0,0,0,0,0
プリン,粉寒天でやわらか牛乳プリン,['ぷるぷる'],お砂糖控えめで倍量作りました。1歳息子3歳娘のおやつに。ママまた作ってーとの声が！美味しかったです 簡単で美味しいのでリピしまくってます！ 何回も作ってます！砂糖控えめで☆めっちゃ簡単で超美味しい！ 甘さ控えめが好きなので砂糖30グラムにしました(*´  `)寒天だけどプルプルで美味しかったです！,0,0,0,0,0,0,0,0,0,0,0,0,0,1,0,0,0,0,0,0,0,0,0,0
プリン,離乳食中期～幼児食☆簡単プリン,"['しっかり', 'ぷるぷる', 'ぷるぷる']",一歳の息子がとても喜んで食べました。ありがとうございます。 少量でちょこちょこ作れるし、苦手な卵も牛乳もしっかり、摂れます。手に持って離さない程、大好きです！ 初めて作りましたぁ～プルプルになりました.* 目から鱗なプルプルが嬉しかったです！紅茶でアレンジしてみました,0.758956422,0,0,0,0,0,0,0,0,0,0,0,0,0.65114142,0,0,0,0,0,0,0,0,0,0
プリン,トロッとプリン◎黄金比,"['とろっ', 'ふるふる', 'ぷるぷる', '柔らかい']",子供が喜んで食べてくれました!ありがとうございましたまた作らせていただきます(*  * ) ぷるぷるでおいしいです！！ 柔らかい優しいプリンで、おいしかったですー。 ふるふるとろとろで美味しかったです！また作ります！ プレゼント用に。素敵なレシピありがとうございました！,0,0,0,0,0,0.406121567,0,0,0,0,0.476418051,0,0,0.374083135,0,0,0,0,0,0,0,0,0.684217013,0
プリン,紫陽花の和菓子&紫陽花ぷりん,['しっかり'],ひぃちゃま久しぶりに集中して楽すぎる午後でした！手持ちの苺餡＆赤紫蘇J＆ラムネSで。しっかり冷やして頂きますねいつも感謝です こちらはお豆腐ぷりんで、作りました。 自分に初れぽ♪毎年作っている紫陽花、今年も美味しくできました。,1,0,0,0,0,0,0,0,0,0,0,0,0,0,0,0,0,0,0,0,0,0,0,0
プリン,レンジで自家製プリンほろ苦カラメル,[],"あっという間に美味しく出来上がり
甘さもちょうどいいですね。 2歳の子供のおやつに♪甘さもちょうどいいです！ このレシピ美味しい！蒸し時間を計ってレシピにのせてよいですか？ レンジがないのでフライパンで蒸しました。美味しくできましたよー",0,0,0,0,0,0,0,0,0,0,0,0,0,0,0,0,0,0,0,0,0,0,0,0
プリン,おうちカフェ黒蜜みるくぷりん♪,"['ぷるぷる', 'ぷるぷる', 'ぷるぷる', 'ぷるぷる']",苺シロップと黒蜜の2種類作りました！プルプルでおいしかったです(^^) 市販の黒蜜を使ってホットミルクを作るくらい本当にかんたんでした！ プルンプルンで美味しい～簡単だし♪レシピありがとまた作ります☆,0,0,0,0,0,0,0,0,0,0,0,0,0,1,0,0,0,0,0,0,0,0,0,0
プリン,離乳食☆電子レンジで簡単卵プリン,[],レンジで簡単にできてありがたいです。食の細い息子もパクパク食べてくれました！ 初手作りプリン☆美味しそうに食べていました。 初めてのプリン美味しそうに食べてくれましたまた作ります♪ 食べかけすみません！子供が喜んで食べてくれました♪ カラメルを入れてみたけど下手でした(恥ずかしい)次回頑張ります。,0,0,0,0,0,0,0,0,0,0,0,0,0,0,0,0,0,0,0,0,0,0,0,0
プリン,低糖質プリン,[],"ほんのりした甘みでとてもおいしいです☆
材料をまぜお鍋でコトコト…
食べたいときにすぐ作れます(^^)
果物をそえて頂きました☆ 普通の牛乳で蜂蜜を入れて作りました！！漉したり冷蔵庫で寝かしたり手間をかけた分美味しく仕上がったと思います 初アーモンドミルクで不安でしたが美味しくてビックリ！また作ります 糖質制限にハマっている中、甘いものが食べたくなり作らせていただきましたとってもおいしかったです！ありがとうございました ハンパに残ったアーモンドミルク消費に。美味です！しかも簡単！",0,0,0,0,0,0,0,0,0,0,0,0,0,0,0,0,0,0,0,0,0,0,0,0
プリン,簡単。昔ながらの固いプリン！,"['硬い', '硬い', '硬い', '硬い']","旦那さんが固いプリンが好きなので喜んでくれました！ 固めのプリン、カラメルつきで作りました。家族全員絶賛でした♪ 固いぷりん美味しかったです(^-^)
私も固い派なので、リピ決定 懐かしい固いプリン！ごちそうさま。 この硬さを求めていました！ありがとうございました（＾Ｏ＾）",0,0,0,0,0,0,0,0,0,0,0,0,0,0,0,0,0,0,0,0,0,0,0,0
プリン,ヘルシースイーツ寒天で黒ごまプリン,['しっかり'],甘過ぎずゴマの味がしっかり感じられてとても美味しかったです 余っていた黒ねりごまで。レシピ参考にさせてもらいました。アジアンスイーツな感じで美味しかったです！ありがとう♪ 美味しかったです。また作ります♪,1,0,0,0,0,0,0,0,0,0,0,0,0,0,0,0,0,0,0,0,0,0,0,0
