label,ingredients,title,tsukurepo
パンケーキ," 薄力粉 BP  
 卵 ミルクor豆乳 バニラエッセンス 
 オイル（太白ごま油など）
 砂糖★＋★に置換え可 ★①パルスイート90 ★②砂糖","

パンケーキ　薄力粉で簡単ふんわり


",0
パンケーキ," ☆卵黄
 ☆サラダ油 ☆バニラオイル
 ☆はちみつ
 ☆豆乳
 薄力粉 卵白 粉糖 コーンスターチ
","

ふるふるふわふわスフレパンケーキ


",0
パンケーキ," 卵黄
 牛乳 小麦粉(薄力粉) 卵白 グラニュー糖(砂糖)
","

小麦粉でふかふかパンケーキの作り方！


",0
パンケーキ," 卵 牛乳 ヨーグルト ベーキングパウダー
 砂糖（卵白用） 砂糖（卵黄用） 薄力粉","

幸せのパンケーキ


",0
パンケーキ," 大豆粉(ふるっておく) ベーキングパウダー 卵黄 塩 成分無調整豆乳(牛乳でもOK) ◎卵白 ◎ラカント(砂糖でもOK)
 ☆バター SUNAOバニラアイス レモン汁
","

【大豆粉】ソイ・ダッチスフレパンケーキ


",0
パンケーキ," バナナ 卵 小麦粉 オリーブオイル
","

簡単ヘルシーおやつバナナパンケーキ。


",0
パンケーキ," バナナ 卵 米粉
","

綺麗なれちゃう『米粉のバナナパンケーキ』


",0
パンケーキ," バナナ オーツ たまご 牛乳 冷凍ベリー ココナッツオイル
 はちみつ 
","

オートミールバナナパンケーキ


",0
パンケーキ," パンケーキミックス バナナ いちご ブルーベリー ホイップクリーム
 飾りの花 粉砂糖","

パンケーキ カフェカイラ風


",0
パンケーキ, 卵 てんさい糖 豆腐 天然塩,"

低糖質グルテンフリー豆腐スフレパンケーキ


",0
パンケーキ," 小麦粉 ベーキングパウダー
 卵 砂糖 ヨーグルト 牛乳 ゼスプリキウイ","

キウイのお花パンケーキ


",0
パンケーキ," ホットケーキミックス
 牛乳(分量＋卵１個50mlに代えて) バナナ サラダ油 バター","

卵なし　バナナホットケーキ　パンケーキ風


",0
パンケーキ," 強力粉
 卵 牛乳 砂糖(上白糖) バター メープルシロップ","

男の３０分料理：メレンゲで作るパンケーキ


",0
パンケーキ," おからパウダー(60/0.5)
 ラカント
 ベーキングパウダー(6.3/1.4)
 オオバコ(0.18/-) 卵(166/0.4) 水","

おからPパンケーキ　一枚糖質1.15g


",0
パンケーキ," バナナ 卵 ホットケーキミックス
","

簡単★バナナパンケーキ


",0
パンケーキ, 薄力粉 砂糖 牛乳 卵,"

簡単薄力粉パンケーキ


",0
パンケーキ," ホットケーキミックス
 牛乳 卵 マヨネーズ お好みでジャム(今回は苺ジャム) 油orバター(お釜に塗る用)","

３合炊き炊飯器でふわふわパンケーキ


",2
パンケーキ," 小麦粉 米粉
 卵 牛乳 ベーキングパウダー
 砂糖 塩","

簡単・小麦粉と米粉のもちもちパンケーキ


",0
パンケーキ," ☆卵黄
 ☆牛乳 ☆薄力粉 ☆ベーキングパウダー
 卵白 レモン汁
 砂糖(グラニュー糖) コンスターチ
 サラダ油 水","

ふわふわスフレパンケーキ


",0
パンケーキ," 薄力粉 きび糖
 ベーキングパウダー
 卵 ヨーグルト 牛乳 バター","

mix粉なしで簡単！もちもちパンケーキ


",0
パンケーキ," バナナやや大きめ オートミール 自然塩 ベーキングパウダー
 ドライイースト フラックスシード（ミルサーで粉砕しておく） 豆乳ヨーグルト（常温にする） 豆乳（少し温めて35度くらい、粗糖やココナッツシュガーなどを小さじ1と材料のドライイーストを入れて混ぜておく）
 バニラエクストラ アガヴェシロップ又はお好みの甘み お好みでシナモンパウダー 溶かしたココナッツオイル又はお好みの植物油","

ヴィーガンオートミールのパンケーキ


",0
パンケーキ," 米粉
 BP(重曹)
 卵 甘酒 牛乳 バター 蜂蜜
","

甘酒と米粉のパンケーキ


",0
パンケーキ," かぼちゃ オートミール 豆乳
 おからパウダー
 卵 塩","

かぼちゃとオートミールのパンケーキ


",0
パンケーキ," HM
 たまご 牛乳 ココアパウダー","

海外風なパンケーキ


",0
パンケーキ," カリーノケール ホットケーキミックス
 卵 牛乳 サラダ油 メープルシロップ ホイップクリーム
","

ケールパンケーキ


",0
パンケーキ," 小麦粉(薄力粉) BSベーキングソーダ 塩 グリークヨーグルト　無糖 牛乳　（低脂肪は向きません） 全卵L 溶かし無塩バター 蜂蜜
 ポピーシード レモン皮すりおろし　またはレモンオイルまたはレモンエクストラクト小匙１代用）","

レモンポピーシードパンケーキ　１


",0
パンケーキ," 小麦粉 砂糖 (ブラウンシュガー) 塩 重曹
 ベーキングパウダー
 ライ粉で作ったサワードースターター 卵 バター（ 溶かしておく) サラダ油でもok","

ライ粉サワードー(スターター)パンケーキ


",0
パンケーキ," HM
 ゆで小松菜の葉先 卵 豆腐 バナナ","

離乳食後期　パンケーキや蒸しパンに


",0
パンケーキ," 卵 てんさい糖（ラカントSでもアガベシロップでもお好みで良いと思います） オリーブオイル
 大豆粉 ベーキングパウダー
 （メープルシロップ）お好みで","

ダイエット◎ 大豆粉パンケーキ


",0
パンケーキ," おからパウダー
 卵 プロテイン サイリウム アーモンドミルク ラカント
 ベーキングパウダー
 バニラエッセンス
","

プロテイン 蒸しパンorパンケーキ


",0
パンケーキ," 全粒粉 ベーキングパウダー
 三温糖
 塩 牛乳 レモン果汁(フレッシュ) 卵(常温) 無塩バター(溶かす) バニラエクストラクト","

バターミルク全粒粉パンケーキ


",0
パンケーキ," 卵 牛乳 薄力粉 バニラエッセンス
 ベーキングパウダー
 砂糖","

ふわふわスフレパンケーキ


",0
パンケーキ, バナナ 小麦粉 牛乳or豆乳or水,"

《簡単》材料３つ！バナナパンケーキ


",0
パンケーキ," 卵 きび砂糖
 無糖ヨーグルト 牛乳 薄力粉 ベーキングパウダー
","

ヨーグルトパンケーキ


",1
パンケーキ," 卵 砂糖 牛乳 野菜※野菜の量によって、牛乳と米粉を調整 米粉
 ベーキングパウダー
 サラダ油 オリゴ糖","

米粉のふっくら野菜パンケーキ


",0
パンケーキ," ピーマン ホットケーキミックス
 卵 牛乳 バター","

ピーマンパンケーキ


",0
パンケーキ," 玉子 牛乳 よもぎペースト HM
 生クリーム
 小豆 砂糖(クリーム用)","

よもぎパンケーキ　小豆添え


",0
パンケーキ," 卵Lサイズ グラニュー糖(砂糖)
 薄力粉  ベーキングパウダー
 豆乳
 絹ごし豆腐 塩","

★ふわとろ豆腐のパンケーキ★


",0
パンケーキ, 卵 薄力粉 砂糖 牛乳 バター,"

ぐりとぐらのふかふかきいろいパンケーキ


",0
パンケーキ," ほうれん草 牛乳 米粉
 ベーキングパウダー 
 砂糖","

牛乳入り！ほうれん草の米粉パンケーキ


",0
パンケーキ," バナナ 卵 アーモンドプードル
 ココナッツクリーム(あれば) ココナッツオイル
","

糖質オフ^ ^グルテンフリーパンケーキ


",0
パンケーキ, バナナ 卵,"

バナナと卵のみ！バナナパンケーキ


",0
パンケーキ," オートミール おからパウダー
 ベーキングパウダー
 アボカド 卵 はちみつ
 豆乳
 オリーブオイル
","

アボカドパンケーキ


",0
パンケーキ," パンケーキミックス 卵Mサイズ 水 はんぺん はちみつ
 ココナッツオイル(バターでも可 ココアパウダー(ココアverを作る場合 粉砂糖 ブルーベリー","

はんぺんのふわふわパンケーキ


",0
パンケーキ," おから(乾煎り) 片栗粉
 卵 バニラアイスクリーム クリームチーズスプレッド 砂糖","

小麦粉不使用 おからパンケーキ


",0
パンケーキ," 卵黄
 薄力粉 砂糖A バニラエッセンス
 牛乳 卵白 砂糖B","

スフレパンケーキ【改善版】


",1
パンケーキ," ほうれん草 グリンピース 牛乳（豆乳可） 蜂蜜（メープルシロップ）
 小麦粉（薄力粉） 砂糖（甘味料代用可） ベーキングパウダー
 トッピング用粉砂糖","

ダイエットに♪簡単野菜パンケーキ


",0
パンケーキ," 牛乳 酢 薄力粉 強力粉
 ベーキングパウダー
 ベーキングソーダ
 砂糖 塩 卵 溶かしバター","

ダイナースタイルのパンケーキ


",0
パンケーキ," 卵 砂糖 レモン汁
 塩 こめ油 薄力粉 ベーキングパウダー
","

牛乳、バター不使用のパンケーキ


",0
パンケーキ, バナナ プレーンヨーグルト 小麦粉,"

離乳食バナナヨーグルトのパンケーキ


",0
パンケーキ," ホットケーキミックス(200gの場合はコツ参照)
 おから 牛乳(または豆乳)","

mもっちりおからパンケーキ


",1
パンケーキ," 皮むき緑豆 玉ねぎみじん切り 青唐辛子（みじん切り） 生姜（みじん切り）
 パクチー（みじん切り） 水 ベーキングソーダ(重曹)
 小麦粉 塩 サラダ油 イチジク（ソフトなもの） タマリンド 水 きび砂糖
 塩 ガラムマサラ
","

スパイシーな☆緑豆パンケーキ


",0
パンケーキ," 卵 砂糖 絹豆腐 ヨーグルト 米粉
 プロテインパウダー（ホエイ・無添加）","

プロテイン米粉パンケーキ


",0
パンケーキ," バナナ 卵 ヨーグルト 薄力粉 バター バナナ バター メイプル又はケーキシロップ グラニュー糖
 パウダーシュガー チョコレートシロップ ローストアーモンドダイス","

お洒落にCafe風バナナパンケーキ


",0
パンケーキ," 米粉
 タピオカ粉
 ベーキングパウダー
 無糖ココアパウダー 甜菜糖 卵 豆乳
 溶かしバター","

ココアパンケーキ　子供用甘さかなり控えめ


",0
パンケーキ, パンケーキ(ホットケーキ) 卵 牛乳 砂糖 メープルシロップ(他のシロップ類でもOK),"

パンケーキのフレンチトースト


",0
パンケーキ," オートミール粉 砂糖 卵 豆乳（牛乳）
 ヨーグルト バナナ バナナ ミックスベリー メープルシロップ等","

オートミールdeパンケーキ


",0
パンケーキ," 卵黄
 牛乳 薄力粉 きび砂糖（砂糖ならなんでも◎）
 バニラオイル
 卵白 レモン汁（無くてもOK）
 きび砂糖（砂糖ならなんでも◎）
","

家にあるものでふわふわパンケーキ


",0
パンケーキ," 卵黄
 小麦粉 牛乳 ベーキングパウダー
 卵白 グラニュー糖
 粉糖 生クリーム
 好きな果物 好きなシロップ","

◇◆スフレパンケーキ◆◇ 


",0
パンケーキ," ホットケーキミックス
 卵 牛乳 カッテージチーズ
 砂糖","

モチッとチーズパンケーキ


",0
パンケーキ," 酵母液 牛乳 卵 塩 砂糖 黒糖
 小麦粉 ライ麦粉 油
","

りんご酵母液、ライ麦粉のパンケーキ


",0
パンケーキ," 米粉
 卵 絹豆腐 重曹
 砂糖 豆乳
 おからパウダー
 バニラエッセンス
","

米粉パンケーキ（おから豆腐豆乳入り）


",1
パンケーキ," 小麦粉 砂糖 ベーキングパウダー
 卵 牛乳 バター 砂糖(振りかける用） バター(焼く用）","

ダッチ風パンケーキ


",0
パンケーキ," バナナ 卵 バニラエクストラクト 米粉(BP入り)
 チャック付き小袋 バター(あれば)","

【洗い物ゼロ】ひとくちバナナパンケーキ


",0
パンケーキ," 卵 牛乳(豆乳でも◎) ◎米粉
 ◎粉チーズ ◎ベーキングパウダー
 野菜","

粉チーズ大量消費！野菜パンケーキ


",0
パンケーキ," ホットケーキミックス
 卵 牛乳 砂糖 生クリーム
 お好みのフルーツ","

おうちカフェ オシャレなパンケーキ


",0
パンケーキ, じゃがいも(今回は新じゃが使用) 牛乳 薄力粉 塩・胡椒 コンソメスープの素 サラダ油(焼く時に使用。オリーブ油、バターなどでもOK) バター、蜂蜜、ジャム、ケチャップなどお好みで,"

茹でジャガイモのパンケーキ風


",0
パンケーキ," ○オートミール ○おからパウダー
 ○ベーキングパウダー
 牛乳 卵黄
 水 卵白 砂糖 バター 雪塩 シロップ","

オートミールとおから＊塩ミルクパンケーキ


",0
パンケーキ," 卵 牛乳90CC サラダ油 リコッタチーズ
 生クリーム
","

フルーツパンケーキリコッタチーズクリーム


",0
パンケーキ, パンケーキミックス たまご 牛乳 バター バナナ フルーツ色々 パンケーキシロップ,"

パンケーキ　バナナ入り


",0
パンケーキ, パンケーキミックス たまご 牛乳 バター バナナ フルーツ色々 パンケーキシロップ,"

パンケーキ　バナナ入り


",0
パンケーキ," 全卵 牛乳 卵白 ホットケーキミックス
 油
","

ふわふわパンケーキ


",0
パンケーキ, ビーツ（中） 卵 ●牛乳 ●薄力粉 砂糖,"

☆★ビーツのピンクスフレパンケーキ★☆


",0
パンケーキ," 米粉
 アルミフリーベーキングパウダー 塩 長芋すりおろし きび糖
 おからパウダー
 無調整豆乳
","

乳製品不使用！とうもろこしのパンケーキ 


",0
パンケーキ," 卵 バナナ おからパウダー
 マーガリン
 蜂蜜
","

ダイエット　パンケーキ


",1
パンケーキ," バナナ ヨーグルト ホットケーキミックス
 牛乳 バター","

卵不使用＊もちふわバナナパンケーキ


",1
パンケーキ," 粉末青汁 薄力粉 ベーキングパウダー
 砂糖 卵 牛乳もしくは豆乳 みりん
 オイル
","

混ぜるだけ☆炊飯器deパンケーキ（青汁）


",0
パンケーキ," ホットケーキミックス
 卵 オレンジジュース 砂糖 バター","

ふんわり♪オレンジパンケーキ


",0
パンケーキ," エビ ズッキーニ ★小麦粉 ★ヨーグルト(無糖) ★卵(M) ★塩 〇料理酒
 〇塩 オリーブオイル
 かいわれ大根 □マヨネーズ □ケチャップ","

エビとズッキーニのおかずパンケーキ


",0
パンケーキ," 蕎麦(乾麺) 卵白 ★卵黄
 ★ベーキングパウダー
","

お蕎麦で作るパンケーキ


",0
パンケーキ, 卵 薄力粉 バター 牛乳 ヨーグルト 砂糖,"

egggcafe風パンケーキ


",0
パンケーキ," 米粉
 ヨーグルト 卵 生クリーム
 ☆トッピング","

子どもが大好き米粉のパンケーキ☆


",0
パンケーキ," ホットケーキミックス
 ヨーグルト 抹茶 卵白 砂糖 マーガリン
","

卵白大量消費★家にあるものパンケーキ


",0
パンケーキ," 卵 砂糖 薄力粉 重曹
 牛乳 レモン果汁
","

重曹で作る！フワフワしっとりパンケーキ


",0
パンケーキ," ●米粉
 ●スペルト小麦　（米粉でもよい） ●ライスミルク　一部を、アカデｨ等に変えても ●ベーキングパウダー　アルミフリー ●砂糖 ●油（体に合うものを。今回はグレープシードオイル）
 レーズン　水で洗う　オーガニックが安心です　半分に切ってもいいと思います","

米粉スペルト小麦　レーズン　パンケーキ


",0
パンケーキ," ●薄力粉 ●ベーキングパウダー
 低脂肪乳 卵 バナナ","

我が家のバナナパンケーキ(乳幼児食)☆


",0
パンケーキ," 桜でんぷ 卵黄
 砂糖 バター(無塩) ホットケーキミックス
 卵 牛乳 はちみつ
 バター(マーガリン)","

魔術の為のさくらカードパンケーキ


",0
パンケーキ," 切り餅 アーモンドミルク(牛乳や豆乳でも) たまご ホットケーキミックス
","

HM&切り餅で！超絶もちもちパンケーキ


",0
パンケーキ," 冷凍コーン(缶詰でも可) バター 砂糖 牛乳 小麦粉 ベーキングパウダー(なくてもOK)
 塩 サラダ油","

コーン入りパンケーキ


",0
パンケーキ," 卵 パン粉
 牛乳 砂糖(卵黄用) 砂糖(卵白用) バター","

フレンチトースト風ふわふわパンケーキ


",0
パンケーキ," ホットケーキミックス
 牛乳 卵 ピザ用チーズ バター","

HCMでチーズ入りパンケーキ


",0
パンケーキ," 小麦粉 ベーキングパウダー
 砂糖 塩 豆乳ヨーグルト(豆腐でも可) バター","

朝食に！おやつに！もっちりパンケーキ


",0
パンケーキ," 卵 豆乳
 インスタントオーツ おからパウダー
 プロテイン ベーキングパウダー
","

(オーツ入り)プロテインパンケーキ


",0
パンケーキ," 米粉
 おから 卵 豆乳（牛乳）
 ＢＰ
 砂糖","

おから&米粉のヘルシーパンケーキ


",0
パンケーキ," 玉子 豆乳
 HM
 バター","

豆乳とHMのパンケーキ


",0
パンケーキ," 薄力粉 アーモンドプードル
 砂糖 卵 重曹
 牛乳","

パンケーキ（粉から）


",0
パンケーキ," オートミール 米粉（無ければ同量のオートミールを）
 豆乳
 マスタード バルサミコ酢
 蜂蜜
 卵 ベーコン","

オートミールハニーマスタードパンケーキ


",0
パンケーキ, パンケーキ 生クリームorヨーグルト お好きなフルーツ,"

フルーツを盛るだけ！SNS映えパンケーキ


",0
パンケーキ, ID:5546985,"

ちぎりパン風☆お花の米粉パンケーキ


",0
パンケーキ," 卵 きび砂糖
 豆乳
 バニラエッセンス
 薄力粉 もち米粉 BP
 溶かしバター バター メープルシロップ いちごバター　好みで","

もち米粉入りもちもちパンケーキ


",0
パンケーキ," 米粉
 砂糖 ベーキングパウダー
 卵 牛乳 バター ホエー","

しっとり米粉のパンケーキ


",0
パンケーキ," 卵 きび砂糖
 豆乳
 バニラエッセンス
 薄力粉 もち米粉 BP
 溶かしバター バター メープルシロップ いちごバター　好みで","

もち米粉入りもちもちパンケーキ


",0
パンケーキ," 卵黄
 卵白 HM
 豆乳
 マーガリン
","

レンジで！ふわふわパンケーキ


",1
パンケーキ," おからパウダー
 砂糖 卵 ベーキングパウダー
 豆乳
 バニラエッセンス
 粉砂糖","

おからパウダーの低糖質パンケーキ


",1
パンケーキ," 豆腐(絹豆腐) バナナ 豆乳
 薄力粉 ベーキングパウダー
 サラダ油","

ふわもち豆腐とバナナのパンケーキ


",0
パンケーキ," オーツ 米粉 おからパウダー 塩 重曹 豆乳
 じゃがいも レモン果汁
","

じゃがいものパンケーキ*Vegan


",0
パンケーキ, バナナ 卵 牛乳 塩 粉,"

海外版バナナパンケーキ


",0
パンケーキ, にんじん 玉ねぎ ほうれん草 卵 牛乳 粉チーズ 塩こしょう バター ケチャップ,"

パンケーキ用フライパンでミニ野菜オムレツ


",0
パンケーキ," バナナ ●卵 ●薄力粉 ●豆乳(牛乳やアーモンドミルクなどでもOK)
 ●きび砂糖
 ●ベーキングパウダー
 ●バニラオイル(バニラエッセンスでもOK)
 サラダ油 メープルシロップ、はちみつ、バターなど トッピング(無くてもOK)","

甘ふわ！バナナパンケーキ


",0
パンケーキ," 小麦粉 きなこ ベーキングパウダー(アルミフリー)
 牛乳 砂糖(お好みで) バター","

離乳食　おやつ　きな粉パンケーキ


",1
パンケーキ," たまご 薄力粉 ベーキングパウダー
 ヨーグルト 砂糖 牛乳","

ふわふわパンケーキ


",0
パンケーキ," プロテイン おからパウダー
 重曹
 ※ベーキングパウダーなら サイリウム ラカント
 卵 水 レモン汁
 バニラエッセンス 
","

さっぱりレモン風味！プロテインパンケーキ


",0
パンケーキ," ほうれん草 調乳したミルク 米粉
 ベーキングパウダー
","

ほうれん草の米粉パンケーキ


",0
パンケーキ," プロテイン おからパウダー
 糀甘酒（砂糖不使用） ギリシャヨーグルト 水 メープルシロップ","

甘酒入り！もちふわプロテインパンケーキ


",0
パンケーキ, バナナ 卵 卵白 オートミール,"

☆★ミランダカーのヘルシーパンケーキ★☆


",0
パンケーキ," おからパウダー
 大豆粉 サイリウム ベーキングパウダー
 無調整豆乳
 絹ごし豆腐 卵白 塩 絹ごし豆腐 卵黄
 無調整豆乳
 鶏ガラスープの素 塩こしょう ブラックペッパー 大豆粉パンケーキ オランデーズソース 目玉焼き","

大豆粉パンケーキdeエッグベネディクト


",0
パンケーキ," 焼いたパンケーキ(ホットケーキ) ☆ケチャップ ☆チューブにんにく
 ☆胡椒 お好みの具材：今回は玉ねぎ・ピーマン・ウインナー・プチトマト使用 溶けるチーズ(ピザ用・スライスどちらでも：今回はピザ用使用)","

パンケーキ(ホットケーキ)のピザ


",0
パンケーキ," 小麦粉(薄力粉) 白砂糖
 BP(ベーキングパウダー)
 塩 全卵 牛乳 ベジオイル バナナ(完熟)　潰す","

バナナパンケーキ４


",0
パンケーキ," ホットケーキミックス
 牛乳 卵 ほうれん草 ピザ用チーズ 塩 バター","

HCMでほうれん草とチーズのパンケーキ


",0
パンケーキ," プロテイン おからパウダー
 ベーキングパウダー
 ラカント
 卵 ココアパウダー 豆乳
 サイリウム ・バナナ ・レーズン ・メープルシロップ ・無脂肪ヨーグルト","

プロテインパンケーキ


",0
パンケーキ," ●薄力粉 ●ベーキングパウダー
 ●砂糖 ●塩 卵 牛乳 メープルシロップ(仕上げ) バター(仕上げ) 粉砂糖(仕上げ)","

【薄力粉BPで】ふわふわパンケーキ


",5
パンケーキ," 卵 デコポンジャム ヨーグルト 粉 ベーキングパウダー
 オリーブ油
","

ふわふわデコポンヨーグルトパンケーキ


",0
パンケーキ," 小麦粉 ベーキングパウダー
 塩 砂糖 マヨネーズ 卵 牛乳 くだもの 生クリーム
","

小麦粉でパンケーキ　


",1
パンケーキ," 薄力粉 ベーキングパウダー
 牛乳 卵黄
 サラダ油 卵白 砂糖 バニラエッセンス
","

スフレパンケーキ


",0
パンケーキ," 人参 たまご トマトジュース 豆乳
 ホットケーキミックス
 とろけるチーズ","

HMで簡単！人参トマトチーズのパンケーキ


",0
パンケーキ," 卵白 きび糖 (砂糖でok)
 チョコチップ ピーナッツチョコ 米油 (サラダ油など) 無調整豆乳
 コーンスターチ
 薄力粉","

チョコ入り 白いパンケーキ


",0
パンケーキ," オートミール 豆乳
 卵 おからパウダー
 ラカント（砂糖はお好みで）
 バター","

糖質オフなパンケーキ


",1
パンケーキ," 絹豆腐 粉ミルクor牛乳 粉末ベビーフード ヨーグルト 小麦粉 ベーキングパウダー
","

手掴み用パンケーキ


",0
パンケーキ, 熟したアボカド 卵 砂糖 生クリーム or 牛乳 or 豆乳 小麦粉,"

しっとり絶品！アボカドパンケーキ*°


",1
パンケーキ," 鶏卵 牛乳 ネーブルバター（瀬戸内レモン農園） ホットケーキミックス
 サラダ油 ホイップクリーム
 フルーツ","

家族で！！もっちもちネーブルパンケーキ


",0
パンケーキ," オートミール 豆乳
 卵 おからパウダー
 ラカント（砂糖はお好みで）
 バター","

糖質オフなパンケーキ


",1
パンケーキ, 熟したアボカド 卵 砂糖 生クリーム or 牛乳 or 豆乳 小麦粉,"

しっとり絶品！アボカドパンケーキ*°


",1
パンケーキ," 鶏卵 牛乳 ネーブルバター（瀬戸内レモン農園） ホットケーキミックス
 サラダ油 ホイップクリーム
 フルーツ","

家族で！！もっちもちネーブルパンケーキ


",0
パンケーキ," ホットケーキミックス
 牛乳(生クリーム) 卵 バニラエッセンス
","

簡単ふわもこ卵焼き風パンケーキ！


",0
パンケーキ," 卵 小麦粉 パン粉
 牛乳 塩、胡椒 ドライパセリ","

★残り物の辛口パンケーキ★


",1
パンケーキ," 〇小麦粉 〇ベーキングパウダー
 〇砂糖 マーガリン
 牛乳 卵 濡れ布巾 〇と卵 マーガリン
 クリームチーズ 牛乳","

ふわふわ甘いパンケーキ*･


",1
パンケーキ," 卵 プレーンヨーグルト 豆乳
 おからパウダー
 蜂蜜
 白玉粉
 サラダ油 クリームチーズ バナナ","

小麦粉&BPなしのヘルシーパンケーキ


",0
パンケーキ," 卵白 卵黄
 牛乳 薄力粉 グラニュー糖
 粉糖","

材料5つ★HMなしdeスフレパンケーキ


",2
パンケーキ," ホットケーキミックス
 卵 牛乳 バター 砂糖 ココアパウダー ミルクチョコレート","

子供も作れる簡単美味しいチョコパンケーキ


",0
パンケーキ," 大豆粉 卵 豆乳
 ココナッツシュガー オリーブオイル
 豆乳
","

低糖質大豆粉パンケーキ


",0
パンケーキ," 大豆粉 卵 豆乳
 ココナッツシュガー オリーブオイル
 豆乳
","

低糖質大豆粉パンケーキ


",0
パンケーキ," 小麦粉 砂糖 ベーキングパウダー
 バナナ 卵 牛乳 バター バニラエッセンス
","

もちもち！優しい味のバナナパンケーキ


",0
パンケーキ, バナナ 卵 小麦粉 バター,"

材料3つ！バナナパンケーキもどき


",0
パンケーキ," ライスシリアル 小麦粉 バナナ 卵 牛乳 水 砂糖 きな粉 すりごま
","

離乳食　ライスシリアル　パンケーキ


",0
パンケーキ," 卵 おからパウダー
 オオバコ(サイリウム) ラカント
 水","

おからde低糖質パンケーキ


",0
パンケーキ," ●強力粉
 ●きび砂糖
 ●ベーキングパウダー
 たまご 豆乳(牛乳やアーモンドミルク等でもOK)
 バニラオイル(バニラエッセンスでもOK) ←無くても大丈夫！ サラダ油 メープルシロップ、はちみつ、バター等","

強力粉の柔らかパンケーキ


",0
パンケーキ," ★小麦粉 ★砂糖 ◆卵 ◆牛乳 ☆重曹
 ☆酢","

重曹のパンケーキ


",0
パンケーキ," おからパウダー
 砂糖 豆乳
 卵 ベーキングパウダー
 バニラエッセンス
 オリーブオイル
","

ヘルシーパンケーキ【おから蒸しパン】


",1
パンケーキ," 卵 (Mサイズ) はちみつ
 ヨーグルト 米粉
 溶かしバター","

わんこ用パンケーキ 犬用ケーキ


",1
パンケーキ," ホットケーキミックス
 高野豆腐 低カロリー甘味料（液体） 豆乳
 卵 バター","

糖質オフおやつ　高野豆腐入りパンケーキ


",0
パンケーキ, バナナ 卵 オートミール(あれば) バター(もしくはオリーブ油) お好きなトッピング,"

【小麦粉不使用】バナナのパンケーキ


",0
パンケーキ," 卵黄(L)
 はちみつ
 牛乳 薄力粉 ベーキングパウダー
 卵白(L) グラニュー糖
 有塩バター メープルシロップ","

孤独のグルメ風 カステラスフレパンケーキ


",4
パンケーキ," 薄力粉 卵 砂糖 牛乳 ベーキングパウダー
","

簡単パンケーキ


",2
パンケーキ," ホットケーキミックス
 高野豆腐 低カロリー甘味料（液体） 豆乳
 卵 バター","

糖質オフおやつ　高野豆腐入りパンケーキ


",0
パンケーキ," 非常用ビスケット おからパウダー
 ベーキングパウダー
 卵 牛乳 サラダ油 塩胡椒","

非常用ビスケット活用パンケーキ


",0
パンケーキ," 強力粉(春よ恋)
 BP(ベーキングパウダー)
 卵黄
 牛乳or豆乳 卵白（冷えているもの） はちみつ
","

パンケーキに見えるたまご焼き


",0
パンケーキ," パンの耳 卵 砂糖 牛乳 バニラエッセンス
 マーガリンorバターorサラダ油 はちみつ
 マーガリンorバター","

パンの耳deパンケーキ


",0
パンケーキ, バナナ 卵 バター メープルシロップ,"

グルテンフリーバナナと卵のパンケーキ


",0
パンケーキ," 薄力粉 ベーキングパウダー
 砂糖 牛乳 卵 ヨーグルト 溶かしバター サラダオイル","

ふわもちパンケーキ


",0
パンケーキ," パン粉
 牛乳 卵 砂糖 バター","

パン粉パンケーキ


",0
パンケーキ," ホットケーキミックス
 プレーンヨーグルト ブルーベリーコンポート バナナ","

ブルーベリーのヨーグルトパンケーキ


",0
パンケーキ," ベーコンスライス　３cm切る キムチ　　ざく切り 小麦粉(薄力粉) 塩 コショウ 白砂糖
 コンスターチ または片栗粉 ガーリックパウダー
 オニオンパウダー BP(ベーキングパウダー)
 水 醤油 みりん
 ごま油
 ごま 韓国梅ソース sweet plum sauce (Maesilcheong） レモン汁
 ビーンスプラウト　またはアルグラなど柔らかい野菜","

キムチパンケーキ　韓国料理


",0
パンケーキ," ホットケーキミックス
 卵 牛乳 お好きなジャム","

ジャム入りパンケーキ


",0
パンケーキ, 卵白 卵 砂糖 小麦粉,"

卵白消費だけど普通に卵1個使うパンケーキ


",2
パンケーキ, 薄力粉 ベーキングパウダーを 牛乳 卵 メープルメープルシロップ（砂糖でもお好みで）,"

パンケーキ&どら焼き♪


",0
パンケーキ," ホットケーキミックス
 ☆牛乳 ☆砂糖 ☆マヨネーズ たまご 砂糖 (※メレンゲ用) 塩 (※メレンゲ用) 片栗粉(※メレンゲ用)
","

ふわふわパンケーキ


",0
パンケーキ," マーガリン
 三温糖または砂糖 小麦粉 ヨーグルト 豆乳
 はちみつ(お好みで)
","

小麦粉ですぐできる！簡単パンケーキ♪


",1
パンケーキ, パンケーキミックス 牛乳 生卵　小 こしあん,"

あんこスフレパンケーキ


",0
パンケーキ," ホットケーキミックス
 牛乳 たまご","

簡単おいしい☆三密パンケーキ ＋八蜜


",0
パンケーキ," 卵 牛乳 ホットケーキミックス
 大麦若葉100% お湯","

青汁de抹茶風パンケーキ


",0
パンケーキ, ☆パンケーキミックス ☆牛乳 ☆卵 ☆スライスアーモンド(砕いたもの) メープルシロップ,"

炊飯器でパンケーキ！風車形♪


",0
パンケーキ," 人参 ホットケーキミックス
 卵 ヨーグルト","

HMで！人参たっぷりパンケーキ


",0
パンケーキ," 生おから 卵 豆乳(牛乳)
 しょっぱくしたい方→鶏がらスープの素、塩昆布など 甘くしたい方→砂糖、シナモン、バニラエッセンスなど","

粉無し！おからdeパンケーキ


",1
パンケーキ," ホットケーキミックス
 絹ごし豆腐 卵 牛乳 ヨーグルト 油
 お湯 ・アイス ・生クリーム
 ・メープルシロップ ・お好きなフルーツ","

お豆腐もちふわパンケーキ


",0
パンケーキ, ホットケーキの素 卵 牛乳 ほうれんそう ウインナー とろけるチーズ きのこ(しめじ等),"

HMでカフェ風パンケーキ


",0
パンケーキ," 小麦粉 卵 きび糖
 牛乳 ベーキングパウダー
 きなこ ニンジン バターorオリーブオイルorサラダ油(フライパンが焦げ付かないならなしでもよし)","

にんじんときなこのパンケーキ


",1
パンケーキ," ホットケーキミックス
 卵 牛乳 生クリーム
 マーブルチョコ","

こどもの日★鯉のぼりパンケーキ


",0
パンケーキ," 卵 ホットケーキミックス
 牛乳 粉糖 油
 蜂蜜、メープルシロップなど","

ホットケーキミックスで作るパンケーキ


",1
パンケーキ, A 卵黄 A 三温糖 A アーモンドミルク A ギリシャヨーグルト A 岩塩 B 薄力粉 B ベーキングパウダー c 卵白,"

パンケーキ　お店で並ばなくても。。


",0
パンケーキ," ★薄力粉 ★砂糖 ★塩 ★重曹
 卵 牛乳 サラダ油","

ふわふわしっとりのパンケーキ


",0
パンケーキ," 無調整豆乳
 卵 HM(ホットケーキミックス)
 サラダ油","

型なし 簡単厚いパンケーキ


",0
パンケーキ," 生クリーム
 バナナ チョコソース ホットケーキ ナッツ","

ちょこばななパンケーキ


",0
パンケーキ," ホットケーキミックス
 かぼちゃ 牛乳 たまご","

ハロウィンにも！かぼちゃのパンケーキ


",1
パンケーキ," ホットケーキミックス
 牛乳 卵白 キャラメルキャラメルソース 冷凍フルーツ ホイップクリーム
 マーガリン
","

フライパンでOK！盛れるパンケーキ！


",0
パンケーキ," ホットケーキミックス
 ココナッツミルクor豆乳or水等 卵 ベーキングパウダー
 生クリーム（スプレータイプ）
 冷凍ブルーベリー＆冷凍イチゴ","

★ホイップたっぷりパンケーキ★


",0
パンケーキ," 薄力粉 ベーキングパウダー
 牛乳 卵（1個は卵白と卵黄に分ける） 三温糖（メレンゲ用）
 バター メープルシロップ","

ぐりとぐら ふっくらパンケーキ


",0
パンケーキ," 砂糖 ココア 小麦粉 BP
 卵 牛乳","

ココアパンケーキ


",0
パンケーキ, 冷めた残りご飯 薩摩芋 牛乳 卵 小麦粉 砂糖 塩 バター,"

焼くだけ簡単残りご飯と薩摩芋のパンケーキ


",0
パンケーキ, ヨーグルト イチゴ ぶどう,"

こどもの日　鯉のぼり　パンケーキ


",0
パンケーキ," 薄力粉 ベーキングパウダー
 きび砂糖
 塩 水 卵 バター","

我が家の(HM無し牛乳無し)パンケーキ


",0
パンケーキ," 薄力粉 ベーキングパウダー
 きび砂糖
 塩 水 卵 バター","

我が家の(HM無し牛乳無し)パンケーキ


",0
パンケーキ," 絹豆腐 オートミール 卵 ベーキングパウダー
 液体ラカント(メープルや蜂蜜でも) バニラエッセンス
","

オートミールと豆腐のふわふわパンケーキ


",0
パンケーキ," 卵黄
 卵白 ホットケーキミックス
 牛乳 グラニュー糖
 サラダ油","

普通の材料でふわふわスフレパンケーキ


",0
パンケーキ," 牛乳 卵（常温） ホットケーキミックス
 バニラエクストラクト バター トッピング用のフルーツ カスタード(お好みで） 粉砂糖","

HMで簡単！ダッチベイビー　パンケーキ


",0
パンケーキ," 米粉
 砂糖 ベーキングパウダー
 牛乳 卵 お好みで塩","

米粉のもちもちパンケーキ


",1
パンケーキ," ホットケーキミックス
 はちみつ
 サラダ油 卵","

簡単DAISOシリコンでパンケーキ


",0
パンケーキ," 小麦粉 ベーキングパウダー
 牛乳 油
 砂糖 バニラエッセンス
 卵 ☆バナナやブルーベリー等","

簡単！シンプル！パンケーキ♪


",1
パンケーキ," 卵白 卵黄
 砂糖 薄力粉 ベーキングパウダー
 牛乳 バター(マーガリンでも可)","

家庭教師先の奥様直伝　激うまパンケーキ


",0
パンケーキ, インスタント麺 卵 牛乳 砂糖,"

インスタント麺で作るパンケーキ


",1
パンケーキ," ☆おからパウダー
 ☆ベーキングパウダー
 ☆片栗粉
 はちみつ
 卵 アーモンドミルク","

【覚書】おからパウダーパンケーキ


",0
パンケーキ," 強力粉
 薄力粉 甜菜糖 卵 牛乳 溶かしバター ベーキングパウダー
","

HM不要！！自家製パンケーキ


",0
パンケーキ," ホットケーキミックス
 牛乳 卵 目玉焼きの卵 ソーセージ(大) 塩コショウ はちみつ
 油
","

カフェの朝食風パンケーキ


",0
パンケーキ," バナナ 卵 HM
 バター 粉糖 メイプルシロップ","

簡単HMでバナナパンケーキ


",1
パンケーキ," ホットケーキミックス
 牛乳 卵 スライスチーズ とろけるタイプ ハム 胡椒 メイプルシロップ、はちみつ、バター","

チーズかのびる食事になるパンケーキ♪


",0
パンケーキ," 米粉
 アーモンドプードル
 片栗粉
 ベーキングパウダー
 ココナッツシュガー 豆乳(無調整)
 ココナッツオイル
","

栄養たっぷり♪グルテンフリーパンケーキ


",0
パンケーキ," 卵 牛乳 レモン汁
 薄力粉 砂糖 お湯 バター 蜂蜜
","

ベーキングパウダーなし！パンケーキ


",2
パンケーキ," 大豆粉 絹豆腐 ※水切り不要 ヨーグルト バナナ たまご ラカント
 ベーキングパウダー
","

大豆粉＊お豆腐バナナパンケーキ


",0
パンケーキ, 和光堂 赤ちゃんのやさしいホットケーキミックス (プレーン) 無糖プレーンタイプのヨーグルト いちご (小) 食塩不使用のバター,"

離乳食後期★苺とヨーグルトのパンケーキ


",0
パンケーキ," ホットケーキミックス
 卵 ヨーグルト 牛乳 油
","

HMでふわもちパンケーキ


",0
パンケーキ," クリームチーズ 砂糖 溶き卵 牛乳 米粉
 ベーキングパウダー
 油
","

クリームチーズのパンケーキ(米粉)


",0
パンケーキ," 米粉
 BP
 素焚糖(お好みの砂糖) 塩 豆乳ヨーグルト 豆乳
","

厚みのあるふんわり米粉パンケーキ


",0
パンケーキ," 絹豆腐 卵黄
 ハチミツ
 大豆粉 小麦粉 BP
 豆乳
 完熟バナナ オリーブオイル
","

幼児１食分のタンパク質が摂れるパンケーキ


",0
パンケーキ," ホットケーキミックス
 牛乳 バター 重曹
 卵 ジャム、カスタードなど 季節のフルーツ","

【簡単】ケーキ強めのパンケーキ


",0
パンケーキ, 米粉パウダーパンケーキ用 お好みの野菜 卵 牛乳 お好みの油,"

米粉のベジパンケーキ


",0
パンケーキ, ベーコン(ブロック) 小麦粉(薄力粉) 牛乳 卵 塩 ブラックペッパー バター（容器に塗る） リンゴンベリージャム,"

オーブンで作るスウェーデン風パンケーキ


",0
パンケーキ," ホットケーキミックス
 卵 水 にんじん(ソース用) ハチミツ(ソース用)
 抹茶 あんこ(お好みで) 油またはバター【焼くとき用】","

にんじんパンケーキと抹茶パンケーキ


",0
パンケーキ, ばなな 薄力粉 牛乳 マーガリンかバター,"

ばななもちもちパンケーキ


",1
パンケーキ," 薄力粉 強力粉
 ベーキングパウダー
 ベーキングソーダ(重曹)
 食塩
 卵 砂糖 ヨーグルト(プレーン) バター 牛乳 レモン果汁(酢)
 バニラエッセンス
 ホイップクリーム
 メイプルシロップ","

たぬのしっとりじゅわっとパンケーキ♪


",0
パンケーキ," 豆腐(きぬごし) プレーンヨーグルト 卵 ホットケーキミックス(HM)
","

混ぜるの3分★HM★ふわもちっパンケーキ


",0
パンケーキ," 卵 ヨーグルト 牛乳 バナナ HCM
 チョコチップ","

絶品バナナパンケーキ（HCM版）


",3
パンケーキ," 玉ねぎ ほうれん草 バナナ 小麦粉 ベーキングパウダー
 卵 牛乳","

幼児食 バナナと野菜のパンケーキ


",1
パンケーキ," ホットケーキミックス
 卵 牛乳 ヨーグルト バター はちみつ
 キウイ ヨーグルト バニラアイス","

HMでパンケーキ☆


",0
パンケーキ," チョコペン いちご スプレッド(バター、マーガリン) ☆パンケーキミックス ☆水 ☆卵 ホイップクリーム
 ハートマシュマロ 粉糖 タピオカ いちごミルク","

ディズニー ミニーちゃん パンケーキ 


",0
パンケーキ," 牛乳 小麦粉 卵 砂糖 サラダオイル 塩 ベーキングパウダー
","

覚えやすい簡単パンケーキ


",0
パンケーキ," 卵 牛乳 砂糖 サラダ油 薄力粉 ベーキングパウダー
","

パンケーキ　ホットケーキ


",3
パンケーキ," 豆腐 ヨーグルト 卵MS 薄力粉（内コーンミール） ベーキングパウダー
 てん菜糖","

もちふわお豆腐パンケーキ　ビタントニオ


",0
パンケーキ," ホットケーキミックス
 白玉粉
 牛乳 卵 ジャム","

ホットケーキミックスでもっちりパンケーキ


",0
パンケーキ," HM
 レーズン バナナ 水 砂糖","

可愛いサイズのパンケーキ！


",0
パンケーキ," お好きなプロテイン(私は抹茶) おからパウダー
 卵 豆乳
 フルーツ","

プロテインパンケーキ


",0
パンケーキ," サーターアンダギーミックス ベーキングパウダー
 卵 牛乳 溶かしバター 油(焼く時用)
","

サーターアンダギーミックスでパンケーキ


",0
パンケーキ," 製菓用米粉 ベーキングパウダー
 甜菜糖又は砂糖 卵 牛乳又は無調整豆乳 豆腐　木綿でも絹でも 溶かしバター又は米油 バニラエッセンス
","

ふわっもち米粉とお豆腐パンケーキ


",6
パンケーキ," 小麦粉 ラカント（砂糖）
 ベーキングパウダー
 アーモンドミルク（牛乳） たまご","

我が家の週末パンケーキ


",1
パンケーキ," 小麦粉 ベーキングパウダー
 無糖ヨーグルト 卵 牛乳 砂糖","

ヨーグルトパンケーキ


",3
パンケーキ," 卵 はちみつ又はキビ砂糖 牛乳又は豆乳 米粉
 ベーキングパウダー
 油
 あんこID 6169424","

グルテンフリーもちもち！米粉のパンケーキ


",0
パンケーキ," 卵(Lサイズ) 砂糖 牛乳 ◎米粉
 ◎ベーキングパウダー
","

グルテンフリー☆米粉のパンケーキ


",0
パンケーキ," 牛乳 酢 小麦粉 BP(ベーキングパウダー)
 グラニュー糖
 BSベーキングソーダ 塩 バター(無塩)　溶かす バニラエクストラクト シナモンパウダー 全卵","

シナモンパンケーキ


",0
パンケーキ," 強力粉
 ベーキングパウダー(BP)
 卵 牛乳or豆乳 はちみつ
 焼くための油","

どんどん混ぜるだけパンケーキ


",0
パンケーキ," 純ココア 薄力粉 砂糖 ベーキングパウダー
 卵 牛乳","

一人分　ココアパンケーキ


",0
パンケーキ," 調整ココア 砂糖 薄力粉 BP
 卵 牛乳","

調整ココア　パンケーキ


",0
パンケーキ," リコッタチーズ
 バターミルク 全卵L バニラエクストラクト 小麦粉(薄力粉) 砂糖(上白糖) BP(ベーキングパウダー)
 塩 レモン汁
 レモン皮すりおろし","

Bestレモンリコッタパンケーキ


",0
パンケーキ," ホットケーキミックス
 ヨーグルト 卵 サラダ油 スティックシュガー(3g) サラダ油(焼く用) 水 粉砂糖","

HMで簡単！ふわふわスフレパンケーキ


",5
パンケーキ," 卵 米粉
 ベーキングパウダー
 砂糖 牛乳 炭酸","

ふわふわ米粉のパンケーキ！お店超え！！


",1
パンケーキ, オートミール バナナ 卵,"

砂糖小麦粉牛乳なし♪ダイエットパンケーキ


",8
パンケーキ," 薄力粉 ベーキングパウダー
 卵黄
 グラニュー糖
 牛乳 卵白（冷凍分含） グラニュー糖
","

私の幸せパンケーキ


",2
パンケーキ," 米粉orおからパウダー（今回は1:1で作りました） 牛乳 バニラエッセンス
 卵（卵黄と白身にわける） ラカント（甘味料）
 油
 水","

グルテンフリースフレパンケーキ


",0
パンケーキ, バナナ 卵 オートミール シナモン お好きな果物、トッピング,"

ダイエット中でもok！簡単パンケーキ！


",1
パンケーキ," ホットケーキミックス
 たまご 牛乳 ニンジン ★生姜
 ★ナツメグ
 ★シナモン ヨーグルト パウダーシュガー","

おうちカフェ★おしゃれ人参ＨＭパンケーキ


",0
パンケーキ," ホットケーキミックス
 卵 野菜ジュース ヨーグルト はちみつ(トッピング用)
","

野菜ジュースパンケーキ


",0
パンケーキ," 卵 ヨーグルト 牛乳 バナナ 砂糖 薄力粉 ベーキングパウダー
 菜種油（サラダ油可） チョコチップ","

家族に大人気！絶品バナナパンケーキ


",4
パンケーキ," オートミール プロテインパウダー アーモンドミルク ベーキングパウダー
 ココナッツオイル
 (卵白) (バナナ) (おからパウダー)","

プロテイン パンケーキ


",0
パンケーキ," 水 ベーキングパウダー
 米粉
 塩","

米粉 パンケーキ


",0
パンケーキ," 強力粉
 ベーキングパウダー
 砂糖　※お好みで加減してください 卵 牛乳 マヨネーズ","

朝食にオススメ☆簡単！強力粉パンケーキ


",1
パンケーキ," ☆水 ☆卵黄
 ☆マヨネーズ ☆薄力粉 卵白 砂糖","

HM不使用パンケーキ


",0
パンケーキ," A  大豆粉(粉末) A グルテン粉 A  おから粉(微粒) A  ベーキングパウダー 卵Lサイズ 牛乳 バター　オリーブオイル半量づつ 塩 ラカント
 ブリーベリー、生クリームなど","

ローカーボ　ふんわりパンケーキ


",0
パンケーキ," おこめのミックス粉 野菜ジュース 豆乳
 植物油
","

おこめのミックス粉　やさいパンケーキ 


",0
パンケーキ," ホットケーキミックス
 牛乳 卵白 卵黄
 砂糖","

ふわふわHMで簡単スフレパンケーキ


",1
パンケーキ," おからパウダー
 片栗粉
 絹豆腐 ※水切り不要 たまご ヨーグルト(R1砂糖ゼロの場合) バナナ ラカント
 ベーキングパウダー
 バニラエッセンス
","

おからパウダー＊ふわふわお豆腐パンケーキ


",2
パンケーキ," 米粉
 全粒粉 ベーキングパウダー
 ブラウンシュガー プレーンヨーグルト 牛乳or豆乳","

米粉と全粒粉のもっちりパンケーキ


",1
パンケーキ," 卵白 砂糖 卵黄
 バニラエッセンス
 砂糖 米粉
 ベーキングパウダー
 みりん
 生クリーム
","

米粉のスフレパンケーキ


",0
パンケーキ," ホットケーキミックス
 砂糖 牛乳 油
 卵","

レンジて簡単パンケーキ


",0
パンケーキ," 薄力粉 三温糖
 ベーキングパウダー
 牛乳 卵 バター ショートニング
 ホワイトチョコレート ラムレーズン","

くまちゃんパンケーキでレーズンウィッチ風


",0
パンケーキ," 米粉
 ベーキングパウダー
 完熟バナナ ★砂糖 ★お酢 ★オリーブオイル(サラダ油でもOK)
 ★卵 ★ヨーグルト(プレーン無糖) ★牛乳","

ふわもちしっとり～米粉のバナナパンケーキ


",0
パンケーキ," ホットケーキミックス
 豆腐 ベーコン 卵","

もちもち☆ベーコンエッグの豆腐パンケーキ


",0
パンケーキ, ・人参パウダー ・卵 ・牛乳 ・バター ・パンケーキミックス,"

野菜パウダー（人参）入りパンケーキ


",0
パンケーキ," 強力粉
 薄力粉 中種 砂糖 たまご1個＋水を合わせて 牛乳 オリーブオイルまたは太白ごま油","

自家製酵母で作るパンケーキ


",0
パンケーキ," パンケーキ粉 黒ゴマ（すりごま） きな粉 豆乳（牛乳または水）
 おからパウダー
 オリーブオイル(グレープシードオイルまたはバター） 緑茶パウダー 蜂蜜（メープルシロップまたはダイエット甘味料）
","

罪悪感なしおから胡麻きな粉パンケーキ


",0
パンケーキ," 高野豆腐（大きいカットのもの） ☆卵(Lサイズ) ☆三温糖（砂糖）
 ☆豆乳（牛乳でも可）
 ☆シナモンパウダー バター ●刻んだナッツ（お好み） ●ホイップ生クリーム ●フルーツ","

薬膳高野豆腐ヘルシーパンケーキ風


",0
パンケーキ," 小麦粉(薄力粉) BP(ベーキングパウダー)
 BS重曹 塩 白砂糖
 バターミルク 全卵 無塩バター　溶かす バニラエクストラクト 完熟バナナ　潰す ピーカンナッツ　乾煎りして刻む","

バナナバターミルクパンケーキ


",0
パンケーキ," 卵黄
 牛乳 ホットケーキミックス
 卵白 砂糖(グラニュー糖)","

卵別立て！一手間フワフワパンケーキ！


",0
パンケーキ," 薄力粉 ベーキングパウダー
 卵 砂糖 塩 豆乳
 バター 粉糖 ミントやチャービルなど","

スキレットで豆乳パンケーキ


",0
パンケーキ," 牛乳 ヨーグルト 玉子 ホットケーキミックス
 マーガリン
 蜂蜜
 ホイップ
 イチゴ","

フワフワパンケーキ


",1
パンケーキ," 全粒粉 ベーキングパウダー
 メープルシロップ ヒマラヤンピンクソルト ピュアバニラエクストラクト カシューミルクor豆乳 アボカドオイル","

ヴィーガン　全粒粉で作るパンケーキ


",0
パンケーキ," 牛乳 ヨーグルト(無糖) ホットケーキミックス
 卵白(L) グラニュー糖
 生クリーム
 上白糖
 ストロベリーピューレ (レシピID5570435) 苺","

ストロベリースフレパンケーキ


",0
パンケーキ," ホットケーキミックス
 白玉粉
 プレーンヨーグルト 牛乳","

HMと白玉粉で簡単！もちもちパンケーキ


",0
パンケーキ," バナナ レモン汁
 米油 米粉（共立）
 ベーキングパウダー（アルミフリー）
 甘酒（KALDI、もへじのもの使用） 焼く時の油 メープルシロップ バター、アレルギー対応バター","

米粉のバナナ甘酒パンケーキ


",0
パンケーキ, ビスケット ヨーグルト(無糖) たまご 砂糖 牛乳 ヨーグルト フルーツ 砕いたナッツ メープルシロップ,"

ビスケットでパンケーキ♪


",0
パンケーキ," 小麦粉 ベーキングパウダー
 ラカント
 卵 牛乳 バニラエッセンス
 いちご ラカント
 レモン汁
 いちご ホイップクリーム
 粉砂糖","

おうちdeカフェいちごのパンケーキ


",0
パンケーキ, 黒蜜 米ぬか 卵 牛乳 サラダ油もしくはココナッツオイル,"

ダイエットスイーツ！黒蜜米ぬかパンケーキ


",0
パンケーキ," ホットケーキミックス
 卵 牛乳または低脂肪牛乳 砂糖","

簡単！スフレ風ケーキパンケーキケーキ


",1
パンケーキ," ホットケーキミックス
 牛乳 卵黄
 卵白 砂糖","

スフレパンケーキをホットケーキミックスで


",5
パンケーキ," 絹豆腐 卵 牛乳 ホットケーキミックス
","

お豆腐パンケーキ


",0
パンケーキ," ホットケーキミックス
 牛乳 卵 油
 マーガリン
","

パンケーキ


",0
パンケーキ," 卵黄
 牛乳（豆乳でも可） 薄力粉（米粉） 砂糖 卵白 塩 サラダ油","

ベーキングパウダー不要フワフワパンケーキ


",0
パンケーキ," 卵 砂糖 牛乳or豆乳 強力粉
 ベーキングパウダー
","

《強力粉消費》パンケーキ


",0
パンケーキ," プレーンヨーグルト 砂糖 卵黄
 強力粉
 ベーキングパウダー
 卵白 レモン汁
 砂糖 塩 生クリーム
 砂糖","

簡単！？スフレパンケーキ


",0
パンケーキ," たまご 牛乳 ホットケーキミックス
 溶かしバター（有塩）","

軽～い食感簡単しっとりパンケーキ


",0
パンケーキ," バナナ 牛乳 ヨーグルト 小麦粉 米粉
 サラダ油、またはバター(焼く用)","

米粉入りでもちもち！バナナ入りパンケーキ


",0
パンケーキ," ホットケーキミックス
 卵 牛乳 ヨモギ","

ヨモギパンケーキ


",0
パンケーキ," バナナ 小麦粉 牛乳かミルク ベーキングパウダー（無くてもOK）
","

材料３つ！バナナパンケーキ　離乳食


",1
パンケーキ," (A)薄力粉 (A)ベーキングパウダー
 (A)砂糖 (A)塩 (B)卵 (B)牛乳 (B)バター サラダ油","

粉から作る簡単パンケーキ


",2
パンケーキ," バナナ 小麦粉 片栗粉
 牛乳 ぐんぐん","

フォローアップミルクのバナナパンケーキ


",0
パンケーキ," かぼちゃ 豆腐 ホットケーキミックス
 卵(牛乳や豆乳でもOK)","

m豆腐入り☆まるごとかぼちゃパンケーキ


",0
パンケーキ," 小麦粉 ベーキングパウダー
 卵 砂糖 牛乳 ヨーグルト 油
","

しっとりもっちりパンケーキ


",1
パンケーキ," バナナ 牛乳 小麦粉 ベーキングパウダー(アルミ不使用)
 卵 砂糖 バター","

バナナパンケーキ 離乳食後期


",0
パンケーキ," バナナ HM
 牛乳 砂糖orはちみつ（お好みで） バター","

たまごなしで、もっちりバナナパンケーキ


",0
パンケーキ," ホットケーキミックス
 卵 牛乳 ココアパウダー 果物","

ココア　パンケーキ　オヤツ


",0
パンケーキ," ホットケーキミックス
 豆乳
 絹ごし豆腐 おからパウダー
 卵(全卵) はちみつ
 油(焼き油)
 はちみつ
 いちごジャム ヨーグルト チョコレートソース クリームチーズ あんこ(作り方は別のページに♪)","

豆×３のパンケーキ～豆乳・豆腐・おから～


",0
パンケーキ," ホットケーキミックス
 牛乳 卵","

もちもちふわふわパンケーキ


",0
パンケーキ," ★強力粉
 ★ベーキングパウダー
 ★砂糖 たまご 牛乳(豆乳でも可)","

簡単に強力粉でパンケーキ


",3
パンケーキ," 卵黄2個 牛乳 バニラエッセンス
 薄力粉 卵白（卵3個分） グラニュー糖
 コンスターチ
 型に塗る油","

ふわふわスフレパンケーキ　BP無し


",1
パンケーキ," スペルト小麦粉 塩 バター オリーブ油
 牛乳 刻んだヘーゼルンッツ ラズベリージャム 蜂蜜
 バター","

【円卓飯】ラズベリーとナッツのパンケーキ


",0
パンケーキ, パンケーキミックス お野菜キューブ（今回は市販） 水、豆乳、牛乳など,"

ミニミニお野菜パンケーキ4種☆幼児おやつ


",0
パンケーキ," 薄力粉 ベーキングパウダー
 グラニュー糖（砂糖）
 卵 牛乳 サラダ油","

懐かしい感じのパンケーキ


",4
パンケーキ," ホットケーキミックス
 メープルシロップ バター チョコレートシロップ 卵 牛乳","

チョコ、メープルパンケーキ


",0
パンケーキ," ホットケーキミックス
 バター 卵 砂糖 豆乳
","

HMで！フワッフワパンケーキ


",0
パンケーキ," 小麦粉 ベーキングパウダー
 塩 水","

お手軽 お食事パンケーキ


",2
パンケーキ," ホットケーキミックス
 牛乳 卵 玉ねぎ ピーマン コーン 塩 ベーコンスライス チーズ ピザソース","

パンケーキピザ


",1
パンケーキ," 卵黄
 プレーンヨーグルト バニラエッセンス
 ホットケーキミックス
 卵白 塩 砂糖 バター","

ホットケーキミックスでスフレパンケーキ


",0
パンケーキ," ホットケーキミックス
 プレーンヨーグルト いちご バナナ","

フルーツたっぷり☆ヨーグルトパンケーキ


",0
パンケーキ, パンケーキ ラップ 袋,"

ストックパンケーキ.*♪。


",0
パンケーキ," ★卵黄
 ★ホットケーキミックス
 ★牛乳 卵白 バター トッピング、粉砂糖、バター、蜂蜜など","

卵1つでシュワシュワパンケーキ3枚


",0
パンケーキ," ★大豆粉と米粉のパンケーキミックス ★卵 ★牛乳 バナナ グラニュー糖
 油
","

バナナのキャラメリゼ風パンケーキ


",0
パンケーキ, コンビーフ ひき肉 塩コショウ ふんわりパンケーキミックス 無脂肪乳 ケーキシロップ たまご,"

マックグリドル風パンケーキバーガー


",0
パンケーキ," 米粉
 卵 ベーキングパウダー
 粉ミルク ヨーグルト 米油orオリーブオイル 野菜（例）小松菜","

野菜or果物入りパンケーキ


",0
パンケーキ," 卵白 卵黄
 きび糖
 米粉
 豆乳
 紫いもパウダー ★ラズベリーパウダー ★高脂肪ココナッツミルク(個体部分) ★きび糖
 ドライラズベリー ココナッツパウダー","

もちもち★米粉と紫いものパンケーキ


",0
パンケーキ," 米粉
 片栗粉
 ベーキングパウダー
 ココアパウダー 砂糖 卵 牛乳 オリーブオイル
","

ココアパンケーキ【手づかみ食べ】


",0
パンケーキ," 豆腐 卵 水 バナナ 全粒粉 米粉
 ベーキングパウダー
 塩","

砂糖なし、お豆腐バナナパンケーキ


",0
パンケーキ," ホットケーキミックス
 卵 牛乳 マシュマロ 牛乳","

簡単ふわふわ(^^)スモアパンケーキ


",0
パンケーキ," ホットケーキミックス
 豆乳
 卵 ★味噌 ★砂糖 油
","

味噌と豆乳のお絵かきパンケーキ


",0
パンケーキ," 卵黄
 砂糖(上白糖) 牛乳 プレーンヨーグルト ベーキングパウダー
 薄力粉 卵白 水 サラダ油 又は バター","

フライパンで作るふわふわスフレパンケーキ


",2
パンケーキ," バナナ ヨーグルト ホットケーキミックス
 牛乳（なくてもOK） 油
","

簡単バナナ＆ヨーグルトdeパンケーキ


",0
パンケーキ," アーモンドプードル
 くず粉 ベーキングパウダー
 卵(全卵) バニラオイル
 水 塩 アガベシロップ ココナッツオイル
","

高プロテイン☆グルテンフリーパンケーキ


",0
パンケーキ," 薄力粉(ふるっておく) 卵白 グラニュー糖
 レモン汁
 卵黄
 バターミルク リコッタチーズ
 バター マスカルポーネチーズ 生クリーム(動物性)
 練乳 イチゴなどお好みのもの","

しっとりふわふわパンケーキ


",0
パンケーキ," ホットケーキミックス
 粉ミルク(我が家はすこやかM1) 水 バター、メープルシロップ、はちみつ、生クリーム、チョコソースなど","

余りの粉ミルク消費に！朝食パンケーキ♪


",0
パンケーキ," ほうれん草 バナナ 薄力粉 ベーキングパウダー
 卵 油
 牛乳","

離乳食ほうれん草のパンケーキ


",1
パンケーキ," ホットケーキミックス
 卵黄
 無塩バター 牛乳 卵白 砂糖","

～星野珈琲風～厚焼きパンケーキ


",0
パンケーキ," 薄力粉 牛乳 砂糖 卵 溶かしバター ベーキングパウダー
 バニラエッセンス
 食紅","

鬼滅の刃パンケーキ


",0
パンケーキ," 薄力粉 塩 ベーキングパウダー  
 上白糖 　
 プレーンヨーグルト 牛乳 卵 米油 ブルーベリー（冷凍ブルーベリー可）","

ブルーベリーヨーグルトパンケーキ


",0
パンケーキ, 卵 砂糖 バターなければ油 好みでバナナ シロップ,"

卵だけで作るふわふわパンケーキ


",0
パンケーキ," ☆卵 ☆砂糖 ☆粉チーズ ☆オリーブオイル
 ☆牛乳 ●小麦粉 ●ベーキングパウダー
 好きな具材(野菜、ハム等) 塩","

野菜たっぷり☆ケークサレ風パンケーキ


",1
パンケーキ," 牛乳 卵 紫芋パウダー ホットケーキミックス
","

紫芋パンケーキ


",0
パンケーキ," 大豆粉 ベーキングパウダー
 豆乳
 水 甜菜糖 塩 ココナッツオイル
","

プロテインパンケーキ


",0
パンケーキ," 薄力粉 卵 牛乳 きび糖(砂糖)
","

やさしい味のもちもちパンケーキ


",2
パンケーキ," グルテンフリーミックス粉 ベーキングパウダー
 卵 ミルク＋ヨーグルトまたはバターミルク 溶かしバター メープルシロップまたは砂糖","

グルテンフリーミックス粉でパンケーキ


",0
パンケーキ, りんご 小麦粉 水,"

離乳食りんごのパンケーキ


",0
パンケーキ," 小麦粉 ベーキングパウダー
 牛乳 バター グラニュー糖
 卵(全卵)","

ひとり暮らしのパンケーキ


",1
パンケーキ," 米粉
 大豆粉 片栗粉
 BP
 豆乳
 メープル レーズン、チョコ、ナッツなど好きなもの","

簡単ミニパンケーキ


",1
パンケーキ," バニラパウダー 牛乳 薄力粉 ベーキングパウダー
 卵 砂糖","

バニラパウダーの使い方美味しいパンケーキ


",0
パンケーキ," 卵 ヨーグルト 生クリーム
 牛乳 米粉
 片栗粉
 ベーキングパウダー
 きび砂糖
 塩 バニラオイル
 バター メープルシロップ","

米粉でもちもちパンケーキ


",2
パンケーキ," ほうれん草 人参 バナナ 豆腐 牛乳 薄力粉 ベーキングパウダー
","

栄養たっぷり野菜パンケーキ【卵不使用】


",0
パンケーキ," 強力粉（薄力粉でも可）
 卵（卵黄、卵白に分ける） 牛乳 砂糖 セルクル板（あるといい形が出来る）","

BPなし！ふわふわもちもちパンケーキ！


",0
パンケーキ," バナナ 豆腐（今回は絹ごし） 卵 パルスイート
 薄力粉 オリーブオイル
 ベーキングパウダー
 トッピング","

自宅待機レシピ！バナナと豆腐のパンケーキ


",1
パンケーキ," ホットケーキミックス
 小麦粉 卵 牛乳 マヨネーズ バターor油","

炊飯器で秘密の分厚いパンケーキ


",3
パンケーキ," おからパウダー
 ベーキングパウダー
 サイリウム 甘味料 卵 豆乳（水でも牛乳でも○）
","

簡単！ふんわりおからパンケーキ


",8
パンケーキ," 小麦粉 ベーキングパウダー
 水 きなこ 野菜パウダー","

砂糖・卵不使用！もっちりパンケーキ


",1
パンケーキ," 卵黄/卵白 牛乳 サラダ油 ベーキングパウダー
 薄力粉 バター(フライパン用) グラニュー糖(メレンゲ用)
 粉糖 メープルシロップ","

ふわっふわのスフレパンケーキ！


",3
パンケーキ," 卵 プロテインヨーグルト味【サバス】 豆乳
","

プロテインパンケーキ


",0
パンケーキ," 卵 牛乳 ホットケーキMix
 ベーコンぷちopenオムレツ きゅうり、コーン、とまと","

お泊まり会 モーニングパンケーキ


",0
パンケーキ," HM
 ヨーグルト(豆・乳どちらでも) 豆乳
","

卵なしの分厚いパンケーキ~2cmあるよ~


",1
パンケーキ," ホットケーキミックス
 卵（黄身と白身で分ける） 炭酸水 バター はちみつ
 ブルーベリー マーマレード","

ふんわりパンケーキ


",0
パンケーキ," 小麦粉(薄力粉) ベーキングパウダー
 ★砂糖 ★オリーブオイル(サラダ油でもOK)
 ★お酢 ★卵 ★ヨーグルト(プレーン無糖) ★牛乳","

厚さ3cm！ふっくらふわふかパンケーキ


",0
パンケーキ, 卵 牛乳 小麦粉 砂糖,"

簡単フワフワスフレパンケーキ♪


",2
パンケーキ," ホットケーキミックス
 水 バナナ バナナ イチゴ 市販のホイップクリーム メープルシロップ ミント
","

バナナパンケーキ


",0
パンケーキ, 小麦粉(薄力粉) 塩 BSベーキングソーダ 全卵 バターミルク 溶かしバター(無塩),"

手間いらずバターミルクパンケーキ


",0
パンケーキ," そば粉 ベーキングパウダー
 カカオパウダー ヒマラヤンピンクソルト メープルシロップ 自家製アーモンドミルク　ID : 5663447 ココナッツオイル
 お好きなフルーツ","

ヴィーガン　カカオ入りそば粉パンケーキ


",0
パンケーキ," ホットケーキミックス
 卵 プレーンヨーグルト ホエー ジャム","

ヨーグルトとジャムで爽やかパンケーキ


",0
パンケーキ," 米粉
 ベーキングパウダー
 粉ミルク 米油orオリーブオイル プレーンヨーグルト 卵","

離乳食　もちもちプレーンパンケーキ


",0
パンケーキ," ホットケーキミックス
 牛乳 卵 砂糖(三温糖) 油ｏｒバター チョコソース イチゴジャム クッキークリーム バナナ","

トースターで出来る！スフレパンケーキ♪


",0
パンケーキ," ホットケーキミックス
 卵 プレーンヨーグルト 好みのジャム","

ヨーグルトたっぷり☆モチモチパンケーキ


",0
パンケーキ," 小麦粉(薄力粉) BP(ベーキングパウダー)
 白砂糖
 塩 シナモンパウダー 全卵 牛乳 ベジオイル つぶした完熟バナナ","

バナナパンケーキ２０２０


",0
パンケーキ," 薄力粉 砂糖 ベーキングパウダー
 卵(M) 牛乳 バニラエッセンス(お好み)
","

薄力粉でシンプルなパンケーキ♪


",32
パンケーキ," 卵 ヨーグルト（3つ入の牛さん柄のやつ「牧場の朝」←じゃなくても大丈夫ですw） マヨネーズ 牛乳 HM（ホットケーキミックス）
 バターかサラダ油（焼く時に使います）","

簡単ふわふわ！パンケーキ 


",6
パンケーキ," ○卵黄 
 ○牛乳 ○ バニラビーンズペースト(バニラエッセンス) ○ヨーグルト ☆薄力粉 ☆ベーキングパウダー
 卵白 砂糖 お好みで　バター　粉砂糖　メープルシロップ　生クリーム　アイス　フルーツ","

スフレパンケーキ


",1
パンケーキ, 【無印】自分でつくる米粉のパンケーキ 卵 牛乳 純ココア(又はココアパウダー) 焼き菓子用チョコチップ(無ければ普通のチョコチップ),"

【簡単】無印米粉のチョコチップパンケーキ


",0
パンケーキ," ホットケーキミックス
 卵 牛乳 ココアパウダー","

笑顔いっぱいスマイルパンケーキ


",0
パンケーキ, 玉子 麹甘酒 牛乳 サラダ油,"

麹入りパンケーキ


",0
パンケーキ, 小麦粉 たまご 砂糖 ミルク ラム酒 塩 バター 粉糖やジャム,"

ラム香るパンケーキ☆カイザーシュマーレン


",0
パンケーキ," 米粉
 ベーキングパウダー
 りんご 砂糖（我が家は甜菜糖を使ってます） 粉ミルク（お湯で溶いたもの）","

離乳食後期☆米粉のりんごパンケーキ


",1
パンケーキ," バナナ 卵 牛乳 ホットケーキミックス
","

ワンボウル簡単！ふわもちバナナパンケーキ


",2
パンケーキ," ●生クリーム（純35）
 ●砂糖 クリームチーズ ◯ホットケーキミックス
 ◯牛乳 ◯プレーンヨーグルト ◯卵 バター ブルーベリー メープルシロップ","

簡単に【パンケーキ（チーズホイップ）】


",0
パンケーキ, イースト 薄力粉（ふるう） 砂糖 塩 牛乳(人肌に温める） 油やバター,"

クランペット　イギリス式パンケーキ


",0
パンケーキ," 米粉
 きび砂糖
 ベーキングパウダー
 熟れたバナナ 卵 豆乳
","

米粉バナナパンケーキ（グルテンフリー）


",1
パンケーキ," 小松菜 またはほうれん草 豆腐 ホットケーキミックス
 きな粉","

掴みたべ　お野菜パンケーキ


",0
パンケーキ," 卵 砂糖 オリーブ油
 小麦粉 牛乳 ベーキングパウダー
 バニラエッセンス
","

ふわっふわパンケーキ


",0
パンケーキ," ホットケーキミックス
 牛乳 卵 ヨーグルト","

ヨーグルト入りパンケーキ


",3
パンケーキ," 卵 グラニュー糖
 薄力粉 ベーキングパウダー
 牛乳 サラダ油","

超ふわふわスフレパンケーキ


",1
パンケーキ," 卵(卵黄と卵白に分ける) 砂糖 溶かしバター(500w30秒位) 牛乳 バニラエッセンス
 薄力粉(ふるいにかける)","

スフレパンケーキ


",0
パンケーキ," ホットケーキミックス
 ★抹茶 ★砂糖 卵(Mサイズ) ☆スキムミルク
 ☆水 甘納豆（ミックス） カッテージチーズ
 砂糖 生クリーム
","

かんたん和菓子風＊抹茶パンケーキ


",0
パンケーキ," ホットケーキミックス
 かぼちゃ 砂糖 卵 豆乳または牛乳","

かぼちゃのパンケーキ


",0
パンケーキ," 薄力粉 重曹（食用）
 無調整豆乳
 割れチョコレート（溶かして使う用） 割れチョコレート（１、５ｃｍ四方に切って生地に混ぜる用） バター","

チョコがとろ～り！ダブルチョコパンケーキ


",0
パンケーキ," 卵(卵黄と卵白に分ける) グラニュー糖(コーヒー用3g 8本　お好みで調整)
 あればバニラエッセンス 豆乳(または牛乳、水でもOK)
 強力粉
 あればベーキングパウダー(BP)","

HMなし!パンケーキ


",1
パンケーキ," ホットケーキミックス
 牛乳 卵 バター 桜の花びら グラニュー糖
","

HMシュガーパンケーキ


",0
パンケーキ, ①強力粉 ①上白糖 ①牛乳 ①たまご黄身 ②たまご白身 ②上白糖,"

我が家のパンケーキ BP無し


",0
パンケーキ, パンケーキ プレーンヨーグルト 苺 バナナ,"

1歳の誕生日☆苺のバースデーパンケーキ。


",0
パンケーキ," バナナ ホットケーキミックス
 卵 牛乳 ほうれん草 にんじん","

砂糖不使用＆HMで！野菜バナナパンケーキ


",1
パンケーキ," ホットケーキミックス
 牛乳","

うすやき＆重ねパンケーキ


",0
パンケーキ," バナナ 卵 製菓用米粉 片栗粉
 レモン汁
","

【離乳食後期～】バナナパンケーキ


",0
パンケーキ," プラス糀 糀甘酒 ホットケーキミックス
 豆腐 卵","

糀甘酒と豆腐のもっちりパンケーキ


",1
パンケーキ," オートミール バナナ 卵 おからパウダー
 バター（焼く時用） トッピング","

オートミールバナナパンケーキ☆


",4
パンケーキ," ホットケーキミックス
 ココア 水もしくは牛乳 マヨネーズ","

マヨネーズでココアパンケーキ


",0
パンケーキ," たまご 薄力粉 豆乳(牛乳)
 砂糖 ベーキングパウダー(なくてもOK)
","

簡単 ふわふわパンケーキ


",1
パンケーキ," 小麦粉(薄力粉) ベーキングパウダー
 卵（卵黄、卵白） 牛乳 砂糖 ヨーグルト 塩 バター はちみつ
","

ふわふわスフレパンケーキ


",0
パンケーキ," ホットケーキミックス
 卵 牛乳 マーガリン（バター）
 サラダ油 紅茶ティーパック","

簡単HM×炊飯器　紅茶パンケーキ


",1
パンケーキ," 小麦粉 片栗粉
 卵 砂糖 牛乳 バナナ ブルーベリージャム 油
 バター","

ブルーベリーとバナナのもちもちパンケーキ


",0
パンケーキ," ★ホットケーキミックス
 ★片栗粉
 ★砂糖 サラダ油 卵 ヨーグルト チーズ","

クセになるチーズ入りパンケーキ


",0
パンケーキ," ラクトアイス(明治エッセルスーパーカップ超バニラミニ) 米粉
","

材料2つ☆米粉とアイスのパンケーキ


",0
パンケーキ," ホットケーキミックス
 玉子 グラニュー糖
 牛乳","

もちもちパンケーキ


",0
パンケーキ," 小麦粉 ベーキングパウダー
 絹ごし豆腐 牛乳または豆乳 油
","

もっちりパンケーキ＊卵・砂糖不使用！


",0
パンケーキ," 小麦粉 卵 牛乳 塩 砂糖 油
 バター","

北欧のパンケーキ


",1
パンケーキ, 有機細挽きライ麦粉 天然塩 ☆全卵 ☆有機無調整豆乳 ☆太白胡麻油 ☆有機はちみつ,"

BPなしでもふっくら♪ライ麦パンケーキ


",0
パンケーキ, チョコペン,"

簡単可愛いあざらしパンケーキ


",0
パンケーキ, キューピーマヨネーズ  パンケーキ シリアル さつま芋 メープルシロップ,"

パンケーキシリアル芋のメープルマヨソテー


",4
パンケーキ," ホットケーキミックス
 チョコチップ 豆腐 牛乳 砂糖 バター","

豆腐とＨＭのチョコパンケーキ


",0
パンケーキ," トロピカルマリア　さつまいも　ダイス ホットケーキミックス
 卵	 牛乳 シナモンパウダー	 サラダ油 トロピカルマリア　さつまいも　ダイス メープルシロップ シナモンパウダー","

さつまいものシナモン風味パンケーキ


",0
パンケーキ," マヨネーズ 牛乳 小麦粉 ベーキングパウダー
 卵白 砂糖 油
","

【節約】フライパンで♪ふわふわパンケーキ


",0
パンケーキ," 薄力粉 ベーキングパウダー
 卵黄
 卵白 グラニュー糖
 牛乳 バニラオイル(無くても可)
 バター 生クリーム
 グラニュー糖
 レモン汁
 バター はちみつ
 溶けない粉砂糖 キャラメルクランチ ダイスフランボワーズ","

卵白2つでふわっふわ♪スフレパンケーキ


",3
パンケーキ," ホットケーキミックス
 卵 牛乳 コーン(缶詰め)","

超簡単で優しい甘さのコーン入りパンケーキ


",0
パンケーキ," ホットケーキミックス
 きな粉 牛乳 卵(Mサイズ) バターまたは、サラダ油","

きなこパンケーキ【手づかみ食べ】


",0
パンケーキ," ホットケーキミックス
 きな粉 卵 牛乳(または豆乳)","

ｍとろふわ。きな粉パンケーキ


",1
パンケーキ," ホットケーキミックス
 甘酒 ヨーグルト メープルシロップ 生クリーム（あれば）
 サラダ油（フライパン用）","

甘酒のパンケーキ


",0
パンケーキ," ヨーグルト（水切りしたもの） 薄力粉 ベーキングパウダー
 牛乳（今回は低脂肪乳） 卵黄（S～Mサイズ）
 卵白（S～Mサイズ） 砂糖","

ヨーグルトでリコッタパンケーキ風


",0
パンケーキ, バナナ 卵 小麦粉,"

バナナパンケーキ


",0
パンケーキ," ホットケーキミックス
 たまご 豆乳
","

豆乳でつくる薄焼きパンケーキ


",0
パンケーキ," 小松菜 ホットケーキミックス
 卵 牛乳 サラダ油 はちみつ（お好みで）
","

小松菜のパンケーキ


",0
パンケーキ," パイン(缶詰でも生でも) オリーブオイル
 ベーコン又はパンチェッタ パンケーキ","

残り物パンケーキアレンジ！パインベーコン


",0
パンケーキ, セブンイレブンのパンケーキ 明治のチョコレート効果72％,"

パンケーキのチョコはさみ


",0
パンケーキ, ミックス粉 たまごＬサイズ 牛乳(甘酒),"

米麹甘酒をつかったパンケーキ


",0
パンケーキ," 米粉
 砂糖 片栗粉
 ★卵 ★豆腐 ★牛乳 バターかオイル","

小麦不使用の米粉パンケーキ


",0
パンケーキ," 小麦粉(薄力粉) もち粉
 ポテトスターチ＝片栗粉またはコーンスターチ ごま油
 全卵L 冷水 ムール貝 むき海老 いか ねぎ　３当分にきる 韓国線切りにしたドライチリ シェロット　スライス　または玉ねぎ にんにく(みじん切り)
 塩 醤油 米酢
 ごま油
 チリパウダー
","

韓国シーフードパンケーキ


",0
パンケーキ," 薄力粉 豆乳
 BP
 砂糖 卵 ココナッツオイル
 粉砂糖 はちみつ
","

乳無し ふわふわパンケーキ


",0
パンケーキ," 小麦粉 ベーキングパウダー
 卵白 卵黄
 砂糖 油
 牛乳","

スフレパンケーキ


",0
パンケーキ," パンケーキ クリーム 食紅(赤色) 食紅(黄色) ホットケーキミックス
 チョコレート 苺・ブルーベリー等","

パンケーキで簡単☆ポケモンのヒバニー


",0
パンケーキ," ホットケーキミックス
 豆腐 牛乳 たまご(どんなサイズでも)","

軽くてしっとり豆腐パンケーキ


",4
パンケーキ," 薄力粉 砂糖 ベーキングパウダー
 たまご 牛乳","

もちもち！ふわふわ！パンケーキ！


",2
パンケーキ," ほうれん草 米粉
 ベーキングパウダー
 豆乳
","

離乳食に！米粉とほうれん草のパンケーキ


",0
パンケーキ," ☆そば粉 ☆薄力粉 ☆ベーキングパウダー
 ☆卵 ☆牛乳 ☆塩 エリンギ しめじ きたやつベーコン 玉ねぎ 塩 黒こしょう 卵 ごま油
 きのこ（しめじ、エリンギ） 牛乳 クリームチーズ 胡椒","

そば粉のパンケーキ


",0
パンケーキ, ビスケット 牛乳 卵,"

ビスケットが余った！パンケーキに変身


",0
パンケーキ," ココナッツオイル
 バナナ はちみつ
 きな粉 ☆酒粕 ☆ホットケーキミックス
 ☆たまご ☆豆乳＋水","

酒粕パンケーキ


",0
パンケーキ," 卵 牛乳 おからパウダー
 バター スライスチーズ くるみ","

低糖質★おからパンケーキ


",0
パンケーキ," バター 強力粉
 砂糖 ベーキングパウダー
 卵 マヨネーズ 牛乳（豆乳）","

とってもしっとり♪ふんわりパンケーキ


",2
パンケーキ," 卵 プレーンヨーグルト きび砂糖
 エキストラバージンオリーブオイル
 ホエー（乳清）or牛乳 薄力粉 全粒粉 ベーキングパウダー
","

ふんわり仕上げ♪ヨーグルトパンケーキ


",0
パンケーキ," 卵白 グラニュー糖
 卵黄
 牛乳 薄力粉 ベーキングパウダー
 バター","

超簡単！分厚いパンケーキ


",0
パンケーキ," 薄力粉 おからパウダー
 きび砂糖
 ベーキングパウダー
 豆乳
 バナナ レモン汁
 卵 バター 粉砂糖","

フワフワ♪おから入りバナナパンケーキ


",0
パンケーキ, 冨澤商店のそば粉 十割 低温殺菌牛乳 フリーレンジ 有機卵 新品よつ葉バター,"

そば粉のパンケーキ(創作)


",0
パンケーキ, ホットケーキMIX 卵 牛乳 いちご チョコペン,"

子供ごはんおやつにアンパンマンパンケーキ


",1
パンケーキ," ＊豆乳やアーモンドミルクなど ＊オーツ ＊チアシード ＊粉状のリンシード（フラックスシード） ＊デーツ（ナツメ） ＊生くるみ ＊生カシュー ＊バナナ オイル（オリーブオイル、白太ごま油、こめ油など）
 リンゴ酢 塩 小麦粉(薄力粉) ベーキングパウダー（アルミニウム不使用）
 シナモンパウダー（セイロンシナモンなら小さじ１） 植物油かココナッツオイル","

ふんわりバナナとナッツのパンケーキ


",3
パンケーキ, バナナ 豆腐 牛乳 薄力粉 ココアパウダー,"

離乳食後期～　ココアバナナパンケーキ


",0
パンケーキ," 絹豆腐 卵 砂糖(ラカント) ブランデー、バニラオイル(無くてもOK) 米粉(小麦粉)
 油
 バター(あればエシレバター)マーガリンでも メープルシロップ ピーナツバター","

ダイエット！夜中のパンケーキ


",0
パンケーキ," りんご ホットケーキミックス
 玉子 牛乳 メープルシロップ バター","

りんごのパンケーキ


",0
パンケーキ," ホットケーキミックス
 かぼちゃ(冷凍) ミックスベジタブル(冷凍) 卵 ヨーグルト バター","

幼児食*お野菜パンケーキ②　覚書


",0
パンケーキ," ローストビーフ 卵（温泉卵用） ●醤油 ●オリーブオイル
 ●レモン汁
 ○薄力粉 ○ベーキングパウダー
 ○砂糖 ○バター レタス ミニトマト 牛乳 卵（パンケーキ用）","

ローストビーフパンケーキ


",0
パンケーキ," ☆薄力粉 ☆ベーキングパウダー
 ☆砂糖 ☆塩 卵 牛乳 バニラエッセンス
 無塩バター","

アメリカごはん☆パンケーキ


",1
パンケーキ," 木綿豆腐 卵 ラカントＳ シナモンパウダー おからパウダー
 バニラエッセンス
","

糖質オフ！大豆づくしのパンケーキ風な何か


",0
パンケーキ," りんご 人参 ホットケーキミックス
 水 砂糖 牛乳","

りんごと人参のもちもちパンケーキ


",0
パンケーキ," オーツパウダー ベーキングパウダー
 豆乳 (お好きなミルクで)
 ヨーグルト 卵 塩 砂糖 サラダ油(焼くとき用) 舞茸 玉ねぎ ニンニク
 マヨネーズ オリーブオイル
 塩コショウ 粒マスタード ハニーマスタード 酢 砂糖","

オートミールパンケーキ きのこソテー添え


",0
パンケーキ," バナナ ヨーグルト 玉子 紅茶の茶葉(お好み) HM
 BP
 油
","

ふわもちバナナとヨーグルトのパンケーキ


",0
パンケーキ, バナナ 牛乳か無糖ヨーグルト 小麦粉 バター,"

バナナパンケーキ( ^ω^ )


",0
パンケーキ," ほうれん草 かぼちゃ(甘いものを) バナナ リンゴ 豆乳
 卵 小麦粉 ベーキングパウダー
 砂糖","

離乳食幼児食野菜たっぷりパンケーキ


",0
パンケーキ, じゃがいも(すりおろし) 卵 塩 ナツメグ,"

じゃがいものパンケーキ


",0
パンケーキ," じゃがいも600g 卵 小麦粉 生クリーム
 サラダ油又はオリーブオイル 塩胡椒","

じゃがいものパンケーキ


",0
パンケーキ," 卵 卵白に入れるグラニュー糖 強力粉
 ベーキングパウダー(なくても良い)
 牛乳(生クリーム可) ヨーグルト サラダ油","

実波のパンケーキ


",1
パンケーキ," 作り方 ID6006310 大根(～1センチ角) にんじん(～7ミリ角) しめじ(粗みじん) ほうれんそう 出汁(野菜スープ)
 (しょうゆ) (片栗粉、水) いちご みかん","

10ヶ月☆納豆パンケーキ 野菜スープ


",0
パンケーキ," ホットケーキミックス
 牛乳 サラダ油 黄身
 卵白(冷やして) 砂糖 片栗粉
","

リカちゃんホットケーキ粉ホッパンケーキ


",1
パンケーキ," 卵 砂糖 牛乳 ●小麦粉 ●ベーキングパウダー
 サラダ油","

パンケーキ


",10
パンケーキ," 茶殻 豆乳　※または牛乳 ホットケーキミックス
 甘納豆","

茶殻に残った栄養ゲットパンケーキ


",0
パンケーキ," 米粉
 豆乳
 甜菜糖 ベーキングパウダー
 オリーブオイル
 ☆お好みのカットフルーツ","

グルテンフリー 米粉のパンケーキ


",1
パンケーキ," リブレフラワー ホットケーキミックス
 卵 牛乳or豆乳","

リブレフラワーのパンケーキ


",0
パンケーキ," 薄力粉 ベーキングパウダー
 グラニュー糖
 玉子 牛乳","

天板パンケーキ


",0
パンケーキ," ◎砂糖 ◎ベーキングパウダー
 ◎薄力粉 ＊切り餅  (刻んでおく) ＊水 牛乳 卵 バニラエッセンス   あれば 調整用の牛乳","

もちモチパンケーキ♪


",4
パンケーキ," 溶き卵 大豆粉 ベーキングパウダー
 ラカント
 牛乳 バニラエッセンス
","

大豆粉パンケーキ（トースター）


",1
パンケーキ," ホットケーキミックス
 牛乳 卵 チョコレート ミルクココアパウダー","

生地に刻みチョコを練り込むミニパンケーキ


",0
パンケーキ," 米粉
 ベーキングパウダー
 バナナ 卵 ココナッツオイル
 蜂蜜
","

簡単混ぜるだけ米粉のパンケーキ


",1
パンケーキ," ほうれん草 カボチャ 卵 牛乳 ホットケーキミックス
","

幼児食 ほうれん草とカボチャのパンケーキ


",0
パンケーキ," ホットケーキミックス(HM)
 片栗粉
 塩 卵 調整豆乳(和風な味つきもOK！黒ごまお勧めです！無調整でもOK)
 油(米油やサラダ油)
 黒豆煮の豆 黒豆煮の汁 フライパンに敷く油またはバター","

黒豆煮を活用♪優しい味の簡単パンケーキ♪


",0
パンケーキ," バナナ 卵 砂糖 牛乳 強力粉
 小麦粉 ベーキングパウダー
 バター","

強力粉のバナナパンケーキ


",0
パンケーキ," 微細おからパウダー ホエー 砂糖(ラカント) 卵 ベーキングパウダー
 サイリウム","

おからとホエーのパンケーキ


",1
パンケーキ," ホットケーキミックス
 卵 牛乳 ホイップクリーム
 ぶどう バナナ","

ぶどうとバナナの３段パンケーキ


",0
パンケーキ," ホットケーキミックス
 卵 牛乳 イチゴ（冷凍苺も可能） 生クリーム
 砂糖","

パンケーキ（苺ソース）


",0
パンケーキ," 米粉
 ベーキングパウダー
 甘酒（プラス糀 糀甘酒使用） ヨーグルト","

離乳食にも☆米粉の甘酒パンケーキ。


",1
パンケーキ," 強力粉
 薄力粉 砂糖 塩 ドライイースト 牛乳 バター サラダ油 生クリーム
 グラニュー糖
 レモン汁
 バター 蜂蜜
 粉砂糖","

いつもと違うパンケーキ！クランペット


",0
パンケーキ," ホットケーキミックス
 卵 無糖ヨーグルト サラダ油","

ふわふわパンケーキ


",0
パンケーキ, バナナ 絹豆腐（バナナやヨーグルトでも可） 牛乳 薄力粉 きな粉（薄力粉でも可）,"

離乳食後期～　バナナパンケーキ


",3
パンケーキ, リーク　白い部分使う　または日本の長ネギ ねぎ　ざく切り４cm 玉ねぎ　スライス ハラペニオチリ　または好みのチリ　薄く輪切り ズキーニ　千切り 小麦粉(薄力粉) 水 塩 ボタンマッシュルーム　スライス 醤油 酢 韓国チリパウダー ごま さつまいも　皮をむいて千切り,"

韓国ベジタブルパンケーキ２０２０


",0
パンケーキ," バナナ 玉子 ヨーグルト 牛乳 ホットケーキミックス(HMと記載してます)
","

バナナのパンケーキ


",0
パンケーキ, 小麦粉 ひきわり納豆(タレも) 白菜(粗みじん) 青のり、かつおぶし たまご,"

離乳食後期☆簡単 納豆パンケーキ


",0
パンケーキ," 小麦粉(薄力粉) BP(ベーキングパウダー)
 BS　ベーキングソーダ 塩 グラニュー糖
 バターミルク 溶いた卵　（L） バニラエクストラクト","

バターミルクパンケーキ2


",0
パンケーキ," 薄力粉 ベーキングパウダー
 砂糖 塩 牛乳 生クリーム
 ヨーグルト 卵 バター マヨネーズ バニラオイル(なくても可)
 サラダ油 生クリーム
 グラニュー糖
 レモン汁
 キャラメルソース 溶けない粉砂糖 ダイスドライフランボワーズ くるみダイス キャラメルクランチ いちご","

ダイソーの型で！ミッキーパンケーキ


",0
パンケーキ," 小麦粉 BS　ベーキンソーダ ブラウンシュガー 塩 卵黄
 サワーミルク バターミルク 無塩バター溶かす 卵白","

Bestサワークリームパンケーキ２０２０


",0
パンケーキ," 薄力粉 ベーキングパウダー
 切り餅 牛乳 卵 砂糖 バター バター はちみつ
 溶けない粉糖 生クリーム
 グラニュー糖
 レモン汁
","

餅入り！モチフワパンケーキ


",1
パンケーキ," 小麦粉(薄力粉) BP(ベーキングパウダー)
 塩 全卵 バターミルク 溶かし無塩バター","

バターミルクパンケーキ1－２０２０


",0
パンケーキ," ☆ホットケーキミックス
 ☆卵黄
 ☆牛乳 卵白 砂糖 バニラエッセンス(あれば)
 生クリーム(お好み)
","

HMでふわふわパンケーキ


",2
パンケーキ," 玉子 砂糖 牛乳 小麦粉 ベーキングパウダー
 サラダオイル","

ふわふわJOLI cafeパンケーキ


",1
パンケーキ," 強力粉
 タピオカ粉(キャッサバ粉)
 卵黄
 砂糖 イースト 塩 卵白 水","

強力粉とタピオカ粉とイーストのパンケーキ


",0
パンケーキ," ホットケーキミックス
 卵 L 牛乳 三温糖 （砂糖）
 蜂蜜
 バター","

HMで カステラパンケーキ スフレ


",5
パンケーキ," 小麦粉(薄力粉) BP(ベーキングパウダー)
 砂糖 バターミルク　または牛乳 溶かしバター(無塩) 全卵","

簡単パンケーキレシピ


",0
パンケーキ," パン粉
 卵 牛乳または豆乳 砂糖 バニラエッセンス
 好きなジャム バターまたはマーガリン","

パン粉とジャムで☆*°パンケーキサンド♪


",0
パンケーキ," ザバスミルクプロテイン ホットケーキミックス
","

材料2つ！ふっくらプロテインパンケーキ


",0
パンケーキ," 食パン バナナ バニラヨーグルト チョコシロップ ミントの葉
","

毎日飽きないこれぞホントのパンケーキ


",0
パンケーキ, 小麦粉(薄力粉) 牛乳 卵,"

エリックカールのパンケーキ


",0
パンケーキ," ★ホットケーキミックス
 ★卵 ★牛乳 ★ブラックココアパウダー
 ★サラダ油 あんこ 栗の甘露煮 チョコペン（白） シロップ or お酒","

ダンゴムシのあんこサンドパンケーキ


",0
パンケーキ," バナナ 卵 豆腐 おからパウダー
 オオバコ（なくてもok） ベーキングパウダー
","

糖質オフ！バナナ豆腐パンケーキ


",0
パンケーキ," 薄力粉 ベーキングパウダー
 砂糖 クリームチーズ バター 牛乳 全卵 バニラオイル
","

クリームチーズパンケーキ


",0
パンケーキ," ホットケーキミックス
 牛乳 卵 黒豆 油
 トッピング（アイスやきな粉）","

ホットケーキミックス★黒豆のパンケーキ


",0
パンケーキ," ホットケーキミックス
 豆乳か牛乳 バナナ りんご バターかサラダ油","

外サク中ふわりんごとバナナのパンケーキ


",0
パンケーキ, オートミール バナナ 卵 バターかココナッツオイル バナナスライス 冷凍ベリーミックス ココナッツフレーク メープルシロップ,"

栄養満点！オートミールバナナパンケーキ


",0
パンケーキ," 小松菜 豆乳
 米粉
 ココナッツフラワー 甘酒 塩 ベーキングパウダー
 重曹
 みりん
","

ふわふわ小松菜の米粉パンケーキ


",0
パンケーキ," 卵(黄身と白身に分けておく) ホットケーキミックス
 牛乳 グラニュー糖
 サラダ油 お水 バター又はマーガリン メープルシロップ","

DAISOの型でスフレパンケーキ♪


",0
パンケーキ," 卵 牛乳 抹茶ラテパウダー ホットケーキミックス
","

簡単！ホケミで抹茶パンケーキ♪


",0
パンケーキ," 全卵 ヨーグルト 牛乳 HM
 バター","

ヨーグルトのパンケーキ(覚書)


",0
パンケーキ," ほうれん草 卵 牛乳 ホットケーキミックス
 バター","

クリスマスツリーのパンケーキ


",0
ホットケーキ," 小麦粉 ベーキングパウダー
 ココアパウダー 砂糖 卵 水","

小麦粉で作るココアホットケーキ


",0
ホットケーキ," 豆乳
 酢 卵 砂糖 薄力粉 ベーキングパウダー
 バター","

ふわふわ豆乳ホットケーキ


",0
ホットケーキ, ホットケーキミックスの粉 卵 牛乳 サラダ油,"

超～簡単★材料4つ夢の分厚いホットケーキ


",2
ホットケーキ," 卵 砂糖 牛乳 バニラエッセンス
 小麦粉 ■重曹
 ■酢","

BPﾅｼ！重曹だけでホットケーキ


",0
ホットケーキ," ●生おから ●米粉
 ●BP(アルミ不使用)
 ●てんさい糖 ◎塩 ◎卵 ◎豆乳
","

生おから・米粉ホットケーキ


",0
ホットケーキ," 薄力粉 ベーキングパウダー
 きび砂糖（上白糖・グラニュー糖）
 卵 豆乳
 サラダ油 ブルーベリージャム（お好みのシロップ）","

豆乳で手作りホットケーキ♪簡単ふわり！


",0
ホットケーキ," ホットケーキミックス
 牛乳(分量＋卵１個50mlに代えて) バナナ サラダ油 バター","

卵なし　バナナホットケーキ　パンケーキ風


",0
ホットケーキ," レーズン ラム酒 ホットケーキミックス
 卵 牛乳 バター はちみつ
","

ラムレーズンホットケーキ


",0
ホットケーキ," 小麦粉 ベーキングパウダー
 グレープシードオイル
 牛乳 卵 ハチミツ
","

子供用ホットケーキ


",0
ホットケーキ," ホットケーキミックス
 薄力粉 砂糖 牛乳 卵","

かさましもちもちホットケーキ


",0
ホットケーキ," 薄力粉 砂糖（ラカントでも可） ベーキングパウダー
 バニラエッセンス（なくてもOK）
 塩 水","

甘さ控えめ！卵なし牛乳なしのホットケーキ


",0
ホットケーキ," ホットケーキミックス
 スキムミルク
 ぬるま湯 卵","

余ったスキムミルクでできるホットケーキ


",0
ホットケーキ," 小麦粉 ベーキングパウダー
 牛乳 卵 砂糖 サラダ油","

ミックスいらずのホットケーキの作り方


",0
ホットケーキ," そば粉 薄力全粒粉 ベーキングパウダー
 シナモンパウダー 豆乳
 菜種油","

そば粉のホットケーキ★卵乳製品不使用！


",0
ホットケーキ," 切り餅 ヨーグルト ホットケーキミックス
 牛乳 卵","

フワッモチッ！夢のホットケーキ(≧▽≦)


",0
ホットケーキ," ★小麦粉 ★ココアパウダー ★ベーキングパウダー
 ★砂糖 卵 牛乳 バニラエッセンス
","

薄力粉でふんわりココアホットケーキ


",1
ホットケーキ," ホットケーキミックス
 玉子 牛乳 マヨネーズ","

カワイイハートのふわふわホットケーキ


",0
ホットケーキ," ★薄力粉 ★強力粉
 ★砂糖 ★ベーキングパウダー
 卵 牛乳 サラダ油 バニラエッセンス
","

薄力粉で作る分厚いホットケーキ


",4
ホットケーキ," 小麦粉 牛乳 卵 グラニュー糖(生地)
 グラニュー糖(メレンゲ)
 バター(器にぬる用)","

BPなし！ふわふわカステラホットケーキ！


",1
ホットケーキ," サラダ油 ホットケーキミックス
 牛乳 卵 プルーン ヨーグルト バター","

『プルーン入りホットケーキ』


",0
ホットケーキ," バナナ 卵 牛乳 薄力粉 ホットケーキミックス
","

HKM1袋を5人で！かさましホットケーキ


",1
ホットケーキ," 小麦粉 BP
 ミルク、牛乳 にんじん バナナ","

砂糖不使用　ホットケーキ　離乳食おやつ


",0
ホットケーキ," ホットケーキミックス
 卵(M) 牛乳 じゃがいも(中) スライスベーコン チーズ（シュレッドチーズがおすすめ） こしょう メープルシロップ バター","

簡単アレンジ！あまじょっぱいホットケーキ


",0
ホットケーキ," ホットケーキミックス
 卵 牛乳(アーモンドミルクや豆乳などでも) ★ベーキングパウダーor重曹 ★酢 ▲砂糖(ｵｽｽﾒはきび砂糖) ■岩塩 ■バター","

ヘルシーアレンジも！塩バターホットケーキ


",0
ホットケーキ," バナナ ホットケーキの生地 油
","

甘みが倍増！焼きバナナホットケーキ


",1
ホットケーキ," 玉ねぎ 人参 ひき肉 ☆カレールウ ☆ウスターソース
 ☆ケチャップ カレー粉(あれば)
 ホットケーキミックス
","

ホットケーキMIXカレーまん


",0
ホットケーキ, ホットケーキ ミックス プレーンヨーグルト サラダオイル 塩,"

かんたんホットケーキ ミックスで作るパン


",0
ホットケーキ," ホットケーキミックス
 卵 牛乳 焼き用　サラダ油 コーン","

簡単！たまにはコーン入りホットケーキ


",0
ホットケーキ, 塩茹でヨモギ デーツ 茹で小豆 菜種油 米粉のパンケーキミックス 塩 ライスミルク 水 サラダ油,"

和風なヨモギと小豆の米粉ホットケーキ


",0
ホットケーキ," 薄力粉 ベーキングパウダー
 砂糖 卵 牛乳","

自家製甘さ控えめふんわりホットケーキ


",0
ホットケーキ," ○薄力粉 ○ベーキングパウダー 
 ○砂糖 卵 牛乳","

小麦粉からホットケーキ


",2
ホットケーキ," ホットケーキミックス
 卵 牛乳 豆腐(今回は木綿) バニラエッセンス
","

ふわふわもちもちホットケーキ


",0
ホットケーキ," 薄力粉 卵 牛乳 ヨーグルト 砂糖 オリーブオイル
 メープルシロップ","

HMなし!BPなし!のホットケーキ


",3
ホットケーキ," ホットケーキミックス
 卵 牛乳 メイプルシロップ","

【保育園給食】ホットケーキ


",0
ホットケーキ," オートミール（粗挽き） 砂糖 塩 ベーキングパウダー
 溶き卵 お好みのミルク","

イギリスのオートミールのホットケーキ


",1
ホットケーキ," 完熟バナナ バター 砂糖 卵 牛乳 小麦粉 無糖ヨーグルト ベーキングパウダー
 サラダ油","

甘さ控え目簡単バナナのホットケーキ！


",0
ホットケーキ," ホットケーキミックス
 人参 ほうれん草 卵 牛乳","

てづかみで☆お野菜たっぷりホットケーキ


",0
ホットケーキ," ホットケーキミックス
 牛乳 卵 油
","

ホットケーキ


",0
ホットケーキ," ホットケーキミックス
 玉子 野菜ジュース カボチャ にんじん ブロッコリー","

野菜嫌い 1歳半 ホットケーキ 冷凍可


",0
ホットケーキ," ○強力粉
 ○薄力粉 ○ベーキングパウダー
 ○砂糖 乳清(牛乳でも可) 溶かしバター","

自家製もちもちホットケーキ


",0
ホットケーキ," 砂糖 ベーキングパウダー
 塩 薄力粉 卵 牛乳","

ホットケーキミックス無しでホットケーキ！


",0
ホットケーキ," 卵 水 ホットケーキミックス
","

ぐりとぐら風☆HMでつくるホットケーキ


",0
ホットケーキ," ホットケーキミックス(HM)
 牛乳 片栗粉
 バターまたはマーガリン","

余ったHM☆卵なし☆もちもちホットケーキ


",0
ホットケーキ," ホットケーキミックス
 小豆 カスタードクリーム たまご 牛乳","

一度で二度おいしいホットケーキ


",0
ホットケーキ," 卵 牛乳 砂糖 小麦粉 ベーキングパウダー
 レーズン","

レーズンホットケーキ


",0
ホットケーキ," 小麦粉 砂糖 ベーキングパウダー
 卵 牛乳 サラダ油 バター シロップやはちみつ","

推しに作ってほしい小麦粉でホットケーキ


",1
ホットケーキ," 強力粉
 ベーキングパウダー
 砂糖 卵 牛乳","

糖質ダウン失敗しないふわふわホットケーキ


",2
ホットケーキ," ホットケーキミックス
 玉子 牛乳 (砂糖) マーガリン(バター)
","

四角いホットケーキ


",0
ホットケーキ," 卵(Mサイズ) 牛乳 米粉
 砂糖 アルミフリーのベーキングパウダー トッピング用のバター、はちみつなど","

米粉で作るグルテンフリーのホットケーキ


",0
ホットケーキ," 焼いたパンケーキ(ホットケーキ) ☆ケチャップ ☆チューブにんにく
 ☆胡椒 お好みの具材：今回は玉ねぎ・ピーマン・ウインナー・プチトマト使用 溶けるチーズ(ピザ用・スライスどちらでも：今回はピザ用使用)","

パンケーキ(ホットケーキ)のピザ


",0
ホットケーキ," 卵 イチゴジャム ホットケーキミックス
 牛乳","

バレンタインホットケーキ


",0
ホットケーキ," ■米粉
 ■大豆粉 ■ベーキングパウダー
 〇米油 〇成分無調整豆乳 〇焼き塩 〇甜菜糖 米油（フライパン用）","

対アレルギー　米粉と大豆のホットケーキ


",0
ホットケーキ," ホットケーキミックス
 卵 牛乳 フライパン","

大きなホットケーキ


",0
ホットケーキ," ホットケーキミックス
 たまご のむヨーグルト","

もちもち簡単！ヨーグルトホットケーキ


",0
ホットケーキ, 薄力粉 砂糖 卵L バター 牛乳 レディボーデンアイスクリーム,"

手作りホットケーキ。素の作り方。


",0
ホットケーキ," HM
 豆乳
","

たまごなし ホットケーキ


",0
ホットケーキ," ホットケーキミックス
 プレーンヨーグルト 牛乳 卵 バター メープルシロップ はちみつ
 生クリーム
","

ヨーグルトホットケーキ


",0
ホットケーキ," 野菜生活オリジナル ホットケーキミックス
 卵 サラダ油","

カラフルホットケーキ


",0
ホットケーキ," 卵 砂糖 牛乳 オリーブオイル
 バニラエッセンス
 米粉
 ベーキングパウダー
 ○バター ○バナナやキウイ ○メープルシロップ","

もっちもち米粉ホットケーキ


",0
ホットケーキ," コルネ 薄力粉 ココアパウダー 水 反転したイラスト クッキングシート ホットケーキミックス
","

お絵描きホットケーキ


",0
ホットケーキ," ☆小麦粉( 中力粉も可) ☆砂糖 ☆ベーキングパウダー
 ☆スキムミルクパウダー 豆乳(牛乳)
 溶き卵 溶かしバター バニラオイル
","

中力粉で基本のホットケーキ


",0
ホットケーキ," 卵 薄力粉 砂糖 ベーキングパウダー
 水 別途 砂糖","

ひと手間ふわふわホットケーキ


",1
ホットケーキ," 薄力粉 砂糖 ベーキングパウダー
 卵 牛乳","

ボウル一つでホットケーキ！


",1
ホットケーキ, ご飯 卵 砂糖 粉末ミルク（コーヒー等に使うもの） バターORマーガリン,"

小麦無し、ご飯でホットケーキ 


",0
ホットケーキ, おから バニラアイスクリーム 砂糖 全卵,"

おきかえホットケーキ(おから使用)


",0
ホットケーキ, 卵 牛乳 ヨーグルト 砂糖 天ぷら粉,"

天ぷら粉ホットケーキ


",1
ホットケーキ, 薄力粉 A.ベーキングパウダー A.砂糖 A.塩 バター（溶かす） 卵 牛乳 焼き用油 塗り用バター お好みではちみつ・ジャムなど,"

ふわホットケーキ


",0
ホットケーキ," 卵 ヨーグルト 牛乳 ホットケーキミックス
 油
 バター（お好みで） 蜂蜜（お好みで）
","

もちふわホットケーキ


",2
ホットケーキ," 卵 牛乳 砂糖 サラダ油 薄力粉 ベーキングパウダー
","

パンケーキ　ホットケーキ


",3
ホットケーキ," ホットケーキミックス
 薄力粉 砂糖 卵 牛乳 サラダ油 塩 揚げ油
 打ち粉用の薄力粉","

ホットケーキMIXのサーターアンダギー


",0
ホットケーキ," 卵 炭酸水 バターorマーガリン 油
 シロップ、蜂蜜、あんこ 型","

～おうちでCafe～ホットケーキタワー


",0
ホットケーキ," ホットケーキミックス
 バナナ（完熟） 卵 牛乳","

バナナホットケーキ


",0
ホットケーキ," ホットケーキミックス
 水 塩 ウインナー じゃがいも とろけるチーズ 塩、こしょう マヨネーズ","

ホットケーキmixでピザ


",0
ホットケーキ," ☆薄力粉 ☆強力粉
 ☆ベーキングパウダー
 ☆卵L ☆きび砂糖(なければなんでもOK)
 ☆牛乳 油
","

ミックス粉なし！わが家のホットケーキ


",2
ホットケーキ," 薄力粉 砂糖 塩 ベーキングパウダー
 卵 マヨネーズ サラダ油 牛乳 薄力粉 砂糖 バニラエッセンス
 またはバニラアイス","

ミックス粉が無い！粉から作るホットケーキ


",5
ホットケーキ, 薄力粉 砂糖 卵 牛乳 (トッピング) バター、ホイップ、ココアパウダー,"

薄力粉でホットケーキもどき


",0
ホットケーキ," 卵 卵白 卵黄
 豆乳
 ホットケーキミックス
 砂糖 ココナッツバター ハチミツ
 バター ミックスナッツ","

ココナッツ香るふわふわホットケーキ


",0
ホットケーキ," 卵 牛乳 ホットケーキMix(一般的な)
 メイプル又ははちみつ ﾊﾞﾀｰ","

ホットケーキ


",1
ホットケーキ," 卵(全卵) 薄力粉 ベーキングパウダー
 砂糖 牛乳 溶かしバター マヨネーズ バニラオイル
","

ホットケーキ作り方　MIX粉より美味しい


",2
ホットケーキ," 牛乳 卵 ホットケーキミックス
","

ホットケーキ


",0
ホットケーキ," HM
 ヨーグルト サラダ油","

材料3つで作りきり☆お一人様ホットケーキ


",1
ホットケーキ," 野菜 ホットケーキミックス
 牛乳 卵 ケチャップ マヨネーズ","

おかずホットケーキ


",0
ホットケーキ," 薄力粉 砂糖 塩 ベーキングパウダー
 スキムミルク
 ★卵 ★牛乳 ★バニラエッセンス
 ★マヨネーズ","

手作りホットケーキMIXでホットケーキ


",0
ホットケーキ," 卵 豆乳(牛乳)
 ヨーグルト おから ホットケーキミックス
","

おからとヨーグルトのもちふわホットケーキ


",1
ホットケーキ," ホットケーキミックス
 豆乳(牛乳の場合は200cc～試してみてください)
 食パン(ヤマザキふんわりルヴァンで作りました)","

簡単☆ホットケーキ食パン(ホッ食)


",0
ホットケーキ," ○米粉
 ○コーンフラワー（あれば) ○ベーキングパウダー
 バナナ 卵 砂糖 塩 牛乳または豆乳 バター又はサラダ油","

米粉のバナナホットケーキ


",0
ホットケーキ," 絹豆腐 ヨーグルト ○地粉 ○ベーキングパウダー
 ○きびさとう
 ○塩 牛乳 バニラオイル
","

お豆腐ホットケーキ


",0
ホットケーキ," ☆薄力粉 ☆砂糖(今回は上白糖) ☆ベーキングパウダー
 水切り豆腐(今回は絹) 豆乳(または牛乳)
 バニラオイル(無くても可)
 塩(無くても可) バター","

豆腐でもちもちもちもちもちホットケーキ


",0
ホットケーキ, ホットケーキ ウィンナー チョコシロップ,"

超簡単☆アンパンマンホットケーキ


",0
ホットケーキ, ・糀スイーツチョコ ・水 ・H M ・卵 ・水 ・バナナ ・カシューナッツ ・くるみ,"

520kcalのチョコバナナホットケーキ


",0
ホットケーキ," つぶあん バター 砂糖 卵 薄力粉 ベーキングパウダー
","

ホットクック和風ケーキ


",0
ホットケーキ," ホットケーキミックス
 牛乳 卵","

卵いっぱい栄養のあるホットケーキ


",0
ホットケーキ," ホットケーキミックス
 マーガリン
 卵 砂糖 牛乳","

ホットケーキMIXでマドレーヌ～♪


",0
ホットケーキ," 小麦粉 ベーキングパウダー
 砂糖 牛乳 あればバニラエッセンス 卵","

粉をふるわないホットケーキ【子供おやつ】


",0
ホットケーキ," 薩摩芋 ホットケーキミックス
 卵 水 揚げ油
","

薄切り薩摩芋のホットケーキ風味フライ


",0
ホットケーキ," 豆乳(牛乳)
 ヨーグルト ホットケーキミックス
 バター(油でも可) メープルシロップ","

簡単めちゃもちホットケーキ


",1
ホットケーキ, ホットケーキミックス/レシピID : 6161450 卵 牛乳,"

ハートホットケーキ


",0
ホットケーキ," ホットケーキミックス
 牛乳 卵 ハチミツ
","

簡単！外カリ中フワ炊飯器でホットケーキ


",4
ホットケーキ," ホケミ
 ☆牛乳 ☆卵 スティックチーズ","

簡単おいしいHMで絶品チーズホットケーキ


",0
ホットケーキ," ホットケーキミックス
 卵 牛乳 レモン","

ミッキー&ミニーのホットケーキ


",0
ホットケーキ," こむぎこ ベーキングパウダー
 チョコパウダー さとう たまご 牛乳 バター","

8さいの☆ちょこホットケーキ☆


",0
ホットケーキ," 薄力粉 上白糖
 ベーキングパウダー
 卵 牛乳","

我が家のホットケーキ


",1
ホットケーキ," 米粉
 小麦粉 砂糖 ベーキングパウダー
 卵黄
 卵白 牛乳 フライパンに敷く油 バター、ジャムなど","

米粉入りホットケーキ


",0
ホットケーキ," 中力粉
 牛乳 卵 バター バニラエッセンス
 ベーキングパウダー
 砂糖","

なおみんのおいしいホットケーキ


",0
ホットケーキ," ☆小麦粉 ☆かぼちゃフレーク ☆ベーキングパウダー
 絹ごし豆腐 豆乳
 水 バニラエッセンス
 メープルシロップ 豆乳入りマーガリン","

豆腐入りかぼちゃのホットケーキ♪


",0
ホットケーキ," ホットケーキミックス
 バター バナナ チーズ（薄切りか、とろけるタイプ） メープルシロップ","

バナナチーズホットケーキ


",1
ホットケーキ," ホットケーキミックス
 卵 ココナッツオイル
 水 はちみつ
","

ココナッツオイル　ホットケーキ


",0
ホットケーキ, ホットケーキミックス     200g 成分無調整豆乳                 200cc,"

花粉症に、べにふうき茶豆乳ホットケーキ


",0
ホットケーキ, 和光堂 赤ちゃんのやさしいホットケーキミックス (プレーン) 成分無調整の牛乳 かぼちゃ ブロッコリー 食塩不使用のバター,"

離乳食後期★栄養満点！野菜のホットケーキ


",0
ホットケーキ," ホットケーキ フルーツ ヨーグルト シナモン 蜂蜜
","

シナモン香る蜂蜜フルーツホットケーキ


",0
ホットケーキ, ホットケーキの生地 着色料,"

レインボーホットケーキ


",0
ホットケーキ," ホットケーキミックス
 豆腐 卵 牛乳 バニラエッセンス
","

豆腐のホットケーキ


",0
ホットケーキ," ホットケーキミックス
 牛乳 たまご バター","

卵焼きフライパンで*極厚*ホットケーキ


",1
ホットケーキ, 卵 牛乳 ソーセージ,"

ソーセージホットケーキ


",0
ホットケーキ," ホットケーキミックス
 豆乳
 豆腐 卵 マーガリン(バターでも可)
","

豆腐ホットケーキ


",0
ホットケーキ," 卵 ココナッツオイル
 牛乳 ホットケーキミックス
 溶かしバター バナナ レーズン(あれば)","

ホットケーキとレンジで作る蒸しパン


",0
ホットケーキ," 薄力粉(あればシュクレ) 砂糖(あればフロストシュガー) ベーキングパウダー
 牛乳 卵","

ふっくらしっとりホットケーキ


",0
ホットケーキ," ●ホットケーキミックス
 ●牛乳 ●卵 ●粉末青汁 バター あんこ(つぶでもこしでも)","

和風なホットケーキ


",0
ホットケーキ," 卵 砂糖 薄力粉 ベーキングパウダー
 水 トッピング(バター/蜂蜜/ジャムなど)","

【HM・乳不使用】ふかふかホットケーキ


",1
ホットケーキ," 卵 牛乳 砂糖 小麦粉 ベーキングパウダー
","

手作りホットケーキ


",4
ホットケーキ," 強力粉
 ●たまご ●砂糖 絹豆腐 ベーキングパウダー
","

簡単！強力粉x豆腐のふわふわホットケーキ


",15
ホットケーキ," ホットケーキミックス
 卵 生クリームorホイップ","

ふわふわしっとり分厚いホットケーキ


",1
ホットケーキ," 小麦粉 米粉
 砂糖 ベーキングパウダー
 牛乳 卵 バニラエッセンス
 サラダ油 あんずジャム","

ホットケーキ（ホケミを使わない）


",3
ホットケーキ," ホットケーキミックス
 卵 牛乳 砂糖 バター はちみつ
 牛乳パック クッキングシート3cm幅 ホチキス(又はマスキングテープ) サラダ油(焼く用)","

紙パックで高いしっとりホットケーキ


",0
ホットケーキ," ホットケーキミックス
 冷凍イチゴ 絹ごし豆腐 牛乳","

卵なし冷凍苺もちもちホットケーキ☆離乳食


",0
ホットケーキ," ホットケーキミックス(今回はからだシフトさんの糖質オフHM)
 豆乳
 卵 油
 生地を甘くしたいならラカントS 三色にしたいならピュアココア、粉末抹茶","

糖質オフ☆コロコロホットケーキ♪


",0
ホットケーキ," HM
 牛乳 卵 砂糖 ★インスタントコーヒー ★お湯 バター","

コーヒー味のホットケーキ


",0
ホットケーキ," ホットケーキミックス
 小麦粉 牛乳 卵 バター","

離乳食中後期以降のホットケーキ


",0
ホットケーキ," 小麦粉 卵 豆腐 牛乳 片栗粉
 砂糖 油
 バター","

もちフワ豆腐ホットケーキ


",0
ホットケーキ, 卵 ホエイ入りヨーグルト ホットケーキホットケーキミックス,"

牛乳なし！ヨーグルトもちもちホットケーキ


",0
ホットケーキ," イチゴ ホットケーキミックス
 卵","

さっぱりイチゴホットケーキ


",0
ホットケーキ," 小麦粉 クイックオートミール ベーキングパウダー
 ベーキングソーダ
 塩 玉子 牛乳 水 オイル(溶かしバターも可)
 穀物酢
 焼く時用の油(バター、ココナッツオイルなど)","

簡単ヘルシーホットケーキ　


",0
ホットケーキ," 絹豆腐 卵 牛乳(豆乳でも) 〇薄力粉 〇ベーキングパウダー
","

お豆腐ホットケーキ


",0
ホットケーキ," ホットケーキミックス
 卵(M/L) 牛乳または豆乳 お好みのトッピング","

ふかふか！喫茶店みたいなホットケーキ


",0
ホットケーキ, ホットケーキミックス【60円】 たまご【15円】 牛乳【20円】 人参【30円】 豆腐【20円】,"

朝食・ランチにも！人参×豆腐ホットケーキ


",2
ホットケーキ," 薄力粉 砂糖 卵 生クリーム
 バニラエッセンス
 油
","

さくさくふわふわホットケーキ


",0
ホットケーキ," 薄力粉 ホットケーキミックス
 玉子 牛乳 砂糖(お好みの) お好みのトッピング ハチミツ
 チョコクリーム カスタードクリーム バター(焼くとき)","

節約ホットケーキ


",0
ホットケーキ," ホットケーキミックス
 おからパウダー
 卵 牛乳","

おからパウダー入り★おからホットケーキ


",2
ホットケーキ," コーン缶 ホットケーキミックス
 牛乳 卵 チーズ 蜂蜜・メープルシロップなど","

コーンとチーズのホットケーキ


",0
ホットケーキ," ホットケーキミックス
 卵（M） 麹甘酒","

麹甘酒で作るホットケーキ


",0
ホットケーキ," ホットケーキミックス
 バナナ 卵 牛乳 砂糖orラカント マーガリン
 バナナチップ アーモンドダイス、スライス 粉砂糖","

ホットケーキMIXで★簡単バナナケーキ★


",0
ホットケーキ," 卵 小麦粉 砂糖 ベーキングパウダー
 お水 マヨネーズ(なくても大丈夫)","

HM牛乳なしで簡単ホットケーキ


",0
ホットケーキ, 卵(全卵) 小麦粉 ヨーグルト 直径5-6ミリのスプン,"

卵ありヨーグルトホットケーキ


",0
ホットケーキ," ホットケーキミックス
 牛乳 卵 かぼちゃ","

ほわほわ♪かぼちゃホットケーキ


",0
ホットケーキ," ホットケーキミックス
 牛乳 オレンジピール マシュマロ","

マシュマロホットケーキ


",0
ホットケーキ," 片栗粉
 強力粉
 全粒粉 BP
 黒糖
 よもぎ 水 牛乳 ヨーグルト","

よもぎのホットケーキ


",0
ホットケーキ," ホットケーキミックス
 純ココア 上白糖
 バターorマーガリン 生クリーム
 牛乳 板チョコレート
 くるみ","

ホットケーキで作るブラウニー


",0
ホットケーキ," ホットケーキミックス
 卵 牛乳 バター","

簡単☆炊飯器でホットケーキ


",0
ホットケーキ," ハム 焼き用　サラダ油 ホットケーキミックス
 卵 牛乳","

ハム入りホットケーキ


",0
ホットケーキ," ホットケーキミックス
 玉子 牛乳 砂糖 食パン(8枚切り)","

カリッと旨い、パンのホットケーキ揚げ


",0
ホットケーキ," 卵 てんさい糖 塩 牛乳 米粉(熊本製粉ミズホチカラ)
 ベーキングパウダー
 オイル
","

堀口家のふわふわ米粉ホットケーキ


",1
ホットケーキ," ホットケーキミックス
 小松菜 ウインナー バター ピザ用チーズ 牛乳 卵","

おかずホットケーキ★


",1
ホットケーキ," ビスケット バター クリームチーズ 砂糖 卵 薄力粉 レモン汁
","

ホットベイクドチーズケーキ


",0
ホットケーキ," ホットケーキミックス
 卵 キャベツ 水 顆粒だし
 揚げ玉 アミエビ 味塩胡椒 豚バラ","

キャベツのホットケーキ


",0
ホットケーキ," ホットケーキミックス
 粉ミルク お湯orお水","

【大量消費】粉ミルクで作るホットケーキ


",0
ホットケーキ," ●水 ●砂糖 ●みりん
 ●酢 ●醤油 水飴","

万能！大学芋の黄金の蜜♪ホットケーキにも


",0
ホットケーキ," ホットケーキミックス
 卵 水 果物など","

お絵かきホットケーキ


",0
ホットケーキ," 薄力粉 ベーキングパウダー
 砂糖 玉子 牛乳 coopうらごしにんじん","

離乳食☆おやつ☆にんじんホットケーキ


",2
ホットケーキ," 薄力粉 ベーキングパウダー
 油
 砂糖 卵 牛乳 ハチミツ
","

ホットケーキ粉使用しないで、ホットケーキ


",4
ホットケーキ," 卵 牛乳 ホットケーキミックス
","

基本の王道ホットケーキ♪


",3
ホットケーキ," HM
 卵 豆腐(絹ごしがおすすめ) 牛乳 バター(サラダ油)","

豆腐入りホットケーキ


",4
ホットケーキ," 卵 牛乳 砂糖 小麦粉(中力粉) ベーキングパウダー
 メイプルオイル等の香料","

ホットケーキ　～HCM不使用～


",3
ホットケーキ," ホットケーキミックス
 にんじんすりおろし ホットケーキミックス(小麦粉でもOK)
","

mホットケーキ粉で！簡単にんじんドーナツ


",4
ホットケーキ, 森永ホットケーキミックス 卵 牛乳,"

＋メレンゲでしゅんわりホットケーキ


",1
ホットケーキ," 米粉
 アルミフリーベーキングパウダー 甜菜糖 ミルクパウダー 水","

ホットケーキ　フワフワ


",0
ホットケーキ," ホットケーキミックス
 豆乳
 オリーブ油
","

卵なしのホットケーキ


",0
ホットケーキ," 米粉
 卵 豆乳
 トマトジュース バター","

ひな祭り 離乳食 お花ホットケーキ


",0
ホットケーキ," 卵 牛乳 ホットケーキミックス
","

ホットケーキ作り置き


",0
ホットケーキ," 薄力粉 ベーキングパウダー
 卵 牛乳 砂糖 サラダ油","

ホットケーキミックスなし！ホットケーキ


",3
ホットケーキ," 豆乳
 菜種油 ベーキングパウダー
 甜菜糖 薄力粉 コーンミール 油(焼く時)
","

コーンミールのふわふわっホットケーキ


",0
ホットケーキ," ○薄力粉 ○砂糖 絹豆腐 豆乳
","

ホットケーキ


",0
ホットケーキ," ホットケーキミックス
 きなこ 黒ごま 白ごま 砂糖 牛乳 たまご 油
","

ごまきなこホットケーキ


",0
ホットケーキ," 甘酒 卵黄
 ホットケーキミックス
 卵白 砂糖","

ふっくらおいしいホットケーキ


",0
ホットケーキ," ホットケーキミックス
 卵 牛乳 スライスチョコ","

チョコホットケーキ


",0
ホットケーキ, ホットケーキ バター ピザ用チーズ メイプルシロップ又ははちみつ,"

ホットケーキが余ったら。。。


",0
ホットケーキ, 余ったホットケーキ バター（マーガリン）,"

ホットケーキのラスク


",0
ホットケーキ," ★自家製HM ★ベーキングパウダー
 ★砂糖 ★塩 ★薄力粉 卵 バニラエッセンス
 牛乳 バター（最後にのせる） ケーキシロップ サラダ油","

自家製HMでふわふわホットケーキ


",4
ホットケーキ," 板チョコレート
 水(牛乳) サラダ油 卵 メレンゲ(卵) お好きなトッピング(自由) メープルシロップ","

チョコレートホットケーキ


",0
ホットケーキ," ホットケーキミックス
 卵 牛乳 （りんご） 中にいれるりんご ☆トッピングりんご ☆バター ☆砂糖","

☆家庭で作る！簡単りんごのホットケーキ☆


",0
ホットケーキ," ホットケーキミックス
 牛乳 卵 バナナ 砂糖 バター ラム酒","

ラム香るバナナソースのホットケーキ


",4
ホットケーキ," 卵 牛乳 ホットケーキミックス
 チョコペン","

ホットケーキでピカチュウ


",0
ホットケーキ," 米粉ホットケーキミックス 卵 牛乳 バター はちみつ
","

【米粉】ホットケーキ


",1
ホットケーキ, ホットケーキMIX ゼスプリキウイ(グリーン） 有塩バター 卵 牛乳 レモンの皮(レモンオイルでも） シナモン(お好みで） 粉糖 クエン酸 キウイ,"

キウイグレーズド　マフィン


",0
ホットケーキ," HM
 牛乳 卵黄
 白身 グラニュー糖
 バター フルーツ類 メープルシロップ 生クリーム
 バター","

ハートのホットケーキ♪バレンタインに～


",0
ホットケーキ," ホットケーキミックス
 卵 牛乳 ココアパウダー 油
 リンゴ","

ホットケーキアート


",0
ホットケーキ," ピルクル りんご中玉(ふじ) ホットケーキミックス
 水 シナモン オリーブオイル
","

ピルクル活用!!りんごホットケーキ


",0
ホットケーキ," ホットケーキミックス
 人参 チーズ 牛乳","

【京田辺発】チーズ入りホットケーキ


",0
ホットケーキ," 小麦粉 卵１個＋牛乳 ベーキングパウダー
 サラダ油 塩","

ホットケーキひとり分


",2
ホットケーキ," 小麦粉 牛乳 水 砂糖 ベーキングパウダー
 スキムミルク
 卵(無くても可) マーガリン
 バニラエッセンス(あれば)
","

HM無いときのホットケーキ


",0
ホットケーキ," 豆腐 ホットケーキミックス
 牛乳 砂糖 卵","

豆腐でふわもちホットケーキ


",0
ホットケーキ," ホットケーキミックス
 水 卵 砂糖 骨キッズカルシウム　ミルキー風味","

ミルキー味のホットケーキ　


",0
ホットケーキ," ホットミックス
 ペースト粥 サラダ油またはバター シロップ","

離乳食の余り！粥ペーストでホットケーキ


",0
ホットケーキ," ホットケーキミックス
 牛乳 サラダ油 黄身
 卵白(冷やして) 砂糖 片栗粉
","

リカちゃんホットケーキ粉ホッパンケーキ


",1
ホットケーキ, ホットケーキ 飾り付け用のフルーツ 卵 砂糖 薄力粉 牛乳,"

ホットケーキで簡単トライフル


",0
ホットケーキ," ホットケーキミックス
 牛乳 たまご(s-m)","

簡単厚焼きホットケーキ


",0
ホットケーキ, ホットケーキ作ったもの ラップ,"

ホットケーキ冷凍方法ぃ


",0
ホットケーキ," 米粉
 コーンフラワー ベーキングパウダー(BP)
 砂糖 卵 牛乳または豆乳","

コーンフラワーと米粉のホットケーキ


",0
ホットケーキ," ホットケーキミックス
 牛乳 バナナ 油（鍋に塗る用）
 シナモンシュガー","

簡単　パパッとバナナホットケーキ


",1
ホットケーキ," ホットケーキミックス
 卵 牛乳 溶かしバター","

美味しいホットケーキの焼き加減。覚書き


",1
ホットケーキ," 切り餅 HM
 牛乳 卵","

モチホットケーキ


",2
ホットケーキ," 米粉
 大豆粉 野菜ジュース（果物でも） ベーキングパウダー
 卵M","

砂糖不使用◯大豆粉ホットケーキ　


",0
ホットケーキ," 全卵 グラニュー糖
 蜂蜜(水飴でも可)
 マヨネーズ バニラオイル
 牛乳 薄力粉 BP
 コーンスターチ
","

ホットケーキ


",0
ホットケーキ," 焼いたホットケーキ モッツァレラチーズ(とろけるチーズでも) 生ハム ハチミツ
 ペッパー","

ホットケーキの生ハムチーズ


",1
ホットケーキ," サラダ油(焼き用) ★米粉
 ★片栗粉
 ★ベーキングパウダー
 ☆甘酒 ☆サラダ油 ☆塩 苺ジャム(別レシピ「自家製苺ジャム」使用) 苺(分量外) 粉糖(無くても可)","

アレルギー対応米粉と苺のホットケーキ


",0
ホットケーキ," ホットケーキミックス
 卵 牛乳（生地のかたさを見ながら2回に分けて入れる） 人参 粉糖","

人参ホットケーキ


",0
ホットケーキ, 餅 牛乳 ミルクチョコレート 卵 砂糖,"

お餅1個★もちもちのホットチョコケーキ


",0
ホットケーキ," 薄力粉 砂糖 ベーキングパウダー
 卵 牛乳","

ホットケーキ


",0
ホットケーキ," 卵 砂糖 牛乳 ●薄力粉 ●ベーキングパウダー
 溶かしバター サラダ油 バター(好みで) メープルシロップ(好みで)","

ホットケーキ


",1
ホットケーキ," さつまいも はちみつ
 ホットケーキミックス
 牛乳 卵","

黄金鯛焼き をホットケーキで


",0
ホットケーキ," ホットケーキミックス
 牛乳 卵 バニラエッセンス
 マシュマロ","

マシュマロサンドホットケーキ


",0
ホットケーキ," ほうれん草 豆乳
 大きめのバナナ 小麦粉（強力粉を使いました） ベーキングパウダー
 無糖ヨーグルト 卵","

ほうれん草　バナナ　ホットケーキ


",0
ホットケーキ," ホットケーキミックス
 卵 牛乳か水 出汁のもと
 千切りキャベツ ごま油
 ソース マヨネーズ かつお節 青のり","

HMで朝昼2品・ホットケーキとお好み焼


",0
ホットケーキ," にんじん（すりおろし） ホットケーキミックス
 卵 牛乳 にんじん（ペースト状） 砂糖 レモン汁
 バニラアイス ミックスベリー ミント
","

にんじんホットケーキ


",0
ホットケーキ," 卵 牛乳 マヨネーズ マーガリン
 ホットケーキミックス
","

厚焼きホットケーキ


",0
ホットケーキ," HM
 卵 豆乳
 バナナ 板チョコレート
","

豆乳チョコバナナホットケーキ


",0
ホットケーキ," ホットケーキミックス
 卵 バター ジャム（お好みの物） オリーブオイル
","

ドデカ!ホットケーキ^_^


",0
ホットケーキ," ★ホットケーキミックス
 ★片栗粉
 ★砂糖 ★塩 牛乳 熱湯","

もちもちホットケーキ


",1
ホットケーキ," ホットケーキミックス
 水 卵 バナナ(熟したもの)","

簡単もちもち★バナナホットケーキ冷凍可


",1
ホットケーキ," ホットケーキミックスのもと スライスしたりんご ＊　砂糖 ＊　バター(無塩) ＊　オリーブオイル（無くても大丈夫）
 ＊　柑橘汁（レモンでもみかんでもOK） ★　食用油（5の所用）
 ☆　フライパン ☆　フライ返し ☆　菜箸 ☆　ボウル","

りんごホットケーキ


",0
ホットケーキ," ホットケーキミックス
 きな粉 砂糖 水 卵","

きな粉のホットケーキ


",1
ホットケーキ," ○大豆粉（みたけ） ○ベーキングパウダー
 ○ラカントS
 ○塩 バター(無塩) ココナッツオイル
 卵 無調整豆乳
 バニラエッセンス
","

簡単！大豆粉ホットケーキ


",0
ホットケーキ," ホットケーキミックス
 卵 牛乳 マヨネーズ ココア サラダ油","

安心顔が崩れない可愛いホットケーキ弁当


",0
ホットケーキ," HM
 牛乳(低脂肪牛乳) 卵黄
 卵白","

ふわっふわホットケーキ


",0
ホットケーキ," ホットケーキミックス
 卵 豆乳
 ベーキングパウダー
","

簡単ふわもちホットケーキ


",0
ホットケーキ," ホットケーキミックス
 牛乳 ミックスベジタブル バター","

手づかみ食べ☆卵焼き器でホットケーキ


",0
ホットケーキ," ●米粉
 ●きな粉 ●ベーキングパウダー
 ●卵 ●砂糖 ●絹豆腐 ●水 ●油
 あんこ シロップ","

豆腐入り！米粉のきな粉ホットケーキ！


",1
ホットケーキ, 森永ホットケーキミックス 卵 絹豆腐,"

＋豆腐でどっしりホットケーキ


",1
ホットケーキ, 森永ホットケーキミックス ヨーグルト(無糖),"

＋ヨーグルトでもちもちホットケーキ


",2
ホットケーキ, 糖質オフホットケーキミックス(他の料理の余りを使用) スライスチーズ レタス マヨネーズ ソーセージ 糖質オフケチャップ ワックスペーパー,"

惣菜系糖質オフホットケーキラップサンド♪


",0
ホットケーキ," 米粉
 ベーキングパウダー
 ●ヨーグルト ●卵 ●砂糖 ●油
 クルミ りんごの甘煮 バター又はマーガリン","

米粉のクルミホットケーキ♪りんご甘煮かけ


",0
ホットケーキ," ホットケーキミックス
 牛乳(または豆乳) バターORマーガリンOR油 はちみつ、バター、メープルシロップなど","

ｍ材料２つ！もっちりとろけるホットケーキ


",1
ホットケーキ," 森永ホットケーキミックス 卵 牛乳 小倉あん 生クリーム
 砂糖 アーモンドダイス","

なごや小倉あんホットケーキ


",0
ホットケーキ," 森永ホットケーキミックス 卵 牛乳 宇治の抹茶パウダー ほうじ茶パウダー 粒あん 生クリーム
 砂糖","

京のお抹茶・ほうじ茶ホットケーキ


",0
ホットケーキ, 砂糖 水 熱湯 好みでバター,"

m手作りホットケーキシロップ


",4
ホットケーキ," レシピID：5991992 マリーム 水 ホットケーキミックス
","

もっちりホットケーキ


",0
ホットケーキ, 森永ホットケーキミックス 卵 牛乳 マヨネーズ,"

ホットケーキ＋マヨネーズ


",3
ホットケーキ, 森永ホットケーキミックス 卵 牛乳 バター 粉糖,"

炊飯器で作るまんまるホットケーキ


",1
ホットケーキ," 森永ホットケーキミックス 卵 牛乳 生クリーム
 砂糖 ミックスカラースプレー アラザン
","

かわいいカラフルホットケーキ


",0
ホットケーキ, 森永ホットケーキ 卵 牛乳,"

森永ホットケーキの作り方


",5
ホットケーキ," ホットケーキミックス
 卵 牛乳 リンゴ バター 砂糖","

リンゴのホットケーキ


",0
ホットケーキ," 薄力粉 ベーキングパウダー
 きな粉（お好みで） すりごま（お好みで）
 砂糖 ホエー 卵","

ホエーでふんわり☆小麦粉でホットケーキ


",1
ホットケーキ," ホットケーキミックス
 牛乳 卵","

メレンゲ不要！HMでふわふわホットケーキ


",4
ホットケーキ, カルーア ホットケーキ粉 タマゴ 牛乳,"

大人の味ホットケーキ


",0
ホットケーキ," オートミール バナナ 豆乳
 卵 ホットケーキミックス
 きび砂糖
","

オートミール　パンケーキ　ホットケーキ


",0
ホットケーキ," 小麦粉 ベーキングパウダー
 牛乳または調乳したミルク バナナ","

卵砂糖なしのホットケーキ☆離乳食おやつ


",0
ホットケーキ," ホットケーキミックス
 卵 ヨーグルト バター リンゴ","

【保育園給食】林檎ヨーグルトホットケーキ


",0
ホットケーキ," 卵白 卵黄
 ジャム 牛乳 ホットケーキミックス
","

適当ホットケーキ


",0
ホットケーキ," りんご 砂糖（りんご用） 米粉
 ベーキングパウダー
 ●牛乳 ●卵 ●砂糖 ●油（生地用）
 油
 メープルシロップ バター","

米粉のりんごホットケーキ！りんごが香る


",0
ホットケーキ," ホットケーキミックス
 卵 豆乳
 ヨーグルト イチゴジャム チョコペン ミニトマト","

ホットケーキデコレーション幼児食


",0
ホットケーキ," さつまいも 切り餅 牛乳 たまご ホットケーキミックス
 はちみつ
","

さつまいもとお餅のホットケーキ


",0
ホットケーキ," ホットケーキミックス
 卵 豆乳
","

豆乳でホットケーキ


",1
ホットケーキ," 薄力粉 ベーキングパウダー
 砂糖 卵 牛乳","

我が家のホットケーキ


",0
ホットケーキ," ♪ホットケーキミックス
 だんご粉
 つぶあん  かこしあん ♪薄力粉 ♪豆乳  (牛乳でも可)
 ♪卵","

和風  ホットケーキ


",0
ホットケーキ," ★強力粉
 ★砂糖 ★ベーキングパウダー
 卵 牛乳 はちみつ、バターなど","

簡単！強力粉でホットケーキ


",9
ホットケーキ," ホットケーキミックス
 卵 牛乳 バターorマーガリン","

簡単ふわふわ幸せの絶品ホットケーキ


",1
ホットケーキ," 薄力粉 ★ベーキングパウダー
 ★砂糖 ★塩 玉子 牛乳","

自家製ホットケーキ


",0
ホットケーキ," ホットケーキミックス
 卵（M玉） 牛乳 りんご 花見糖（好みの砂糖） サラダ油、バター","

タルトタタン風ホットケーキ


",0
ホットケーキ," 小麦粉(薄力粉) ベーキングパウダー（できればアルミが入っていないものを）
 卵 きび砂糖
 牛乳 溶かしバター バター(有塩)、メープルシロップや蜂蜜","

ホットケーキ


",7
ホットケーキ," 国産米粉のパンケーキミックス 卵 牛乳 豆乳
","

コロコロホットケーキ


",0
ホットケーキ," 米粉
 ホットケーキミックス
 BP
 砂糖 卵 サラダ油 牛乳","

米粉のホットケーキ


",0
ホットケーキ," さつまいも(皮つき1cm角に切る) 味噌 砂糖 ヨーグルト ホットケーキミックス
 牛乳 サラダ油","

ほっこりさつまいもホットケーキｂｙ草津市


",0
ホットケーキ," バナナ シナモン バター 砂糖 牛乳 ホットケーキミックス
 卵","

バナナホットケーキ


",0
ホットケーキ, まるみ麹本店 米こうじ(生) まるみ麹本店 麹スウィート 市販のホットケーキミックス 牛乳 卵 市販のホイップクリームの素,"

生麹をそのまま食べちゃうホットケーキ


",0
ホットケーキ," ホットケーキミックス
 卵 砂糖 ドライイースト 絹豆腐 お湯","

ぐりとぐら風！？豆腐ホットケーキマフィン


",0
ホットケーキ," ニンジン 豆乳
 卵 ホットケーキミックス
","

ニンジンホットケーキ


",0
ホットケーキ," 薄力粉 片栗粉
 ＢＰ
 砂糖 マヨネーズ 牛乳","

もちもちホットケーキ


",2
ホットケーキ," ホットケーキミックス
 スキムミルク
 牛乳 水 玉子 ◎チョコクリーム ◎砂糖 ココアパウダー バナナ","

ミルクレープ チョコ ホットケーキmix


",0
ホットケーキ," ホットケーキミックス
 牛乳 バター又はマーガリン マヨネーズ 卵","

たっぷりバターでサクふわホットケーキ


",0
ホットケーキ," 卵 砂糖 強力粉
 ベーキングパウダー
 牛乳 マヨネーズ（入れるとふわふわに） バニラエッセンス（あれば）
","

強力粉でホットケーキ


",2
ホットケーキ," 卵 牛乳 薄力粉 アーモンドプードル
 砂糖 バニラオイル
","

フワフワな食感のホットケーキ


",3
ホットケーキ," ホットケーキミックス
 水","

小鍋で簡単！夢のホットケーキ


",0
ホットケーキ," ホットケーキミックス
 卵 牛乳 マヨネーズ チョコ","

プーさんホットケーキ


",0
ホットケーキ, ＊ホットケーキMIX ＊プレーンヨーグルト(無糖) ＊卵 ＊溶かし無塩バター ＊砂糖 ブルーベリージャム,"

ホットケーキMIXでパウンドケーキ


",0
ホットケーキ," ホットケーキミックス
 ヨーグルト 玉子(M～L) 油分(バター・オリーブオイル) フルーツグラノーラ","

ヨーグルトとフルグラで厚焼ホットケーキ


",1
ホットケーキ," ホットケーキミックス
 卵 牛乳 カルピス 生クリーム
 カルピス","

カルピスホットケーキ


",0
ホットケーキ," ホットケーキミックス
 卵 米油またはサラダ油等お好みの油で 牛乳","

焼きドーナツホットケーキMIXバター抜き


",3
ホットケーキ, ホットケーキミックス1袋 卵 牛乳 orマーガリンorサラダ油 砂糖 チーズケーキフィリング,"

チーズケーキ皮をホットケーキMIXで作る


",0
ホットケーキ," 油
 豆腐 ホットケーキミックス
 シナモンシュガー 粉砂糖 抹茶の粉","

ホットケーキMIXで豆腐ドーナツ


",0
ホットケーキ," 食パン マーガリン
 ホットケーキシロップ 粉糖","

ホットケーキシロップのトースト♪


",0
ホットケーキ," ホットケーキミックス 
 カルピス 無糖ヨーグルト 卵 バナナ はちみつ か ジャム バター","

温かい♪カルピスヨーグルトホットケーキ☆


",0
ホットケーキ," 薄力粉 ベーキングパウダー
 塩 卵 砂糖 油
","

ホットケーキ


",0
ホットケーキ," チヂミ粉 ニラ スライスベーコン 水 溶き卵 ホットケーキMix
","

ふんわり簡単ニラチヂミ


",0
ホットケーキ," 卵 豆腐 鯖缶（水煮） 片栗粉
 麺つゆ
","

鯖缶と豆腐のふわふわホットケーキ 


",0
ホットケーキ," 小麦粉 重曹
 砂糖 はちみつ
 豆乳
 卵","

小麦粉 と 重曹でも！ ホットケーキ風


",19
ホットケーキ," ホットケーキミックス
 牛乳 卵 バター 蜂蜜
","

ふわふわ☆ホットケーキ


",0
ホットケーキ," ●カルピス ●牛乳 ●卵 ●砂糖 ●小麦粉 ○ホットケーキミックス
 ○カルピス ○牛乳 ○卵 〇マヨネーズ フルーツ缶","

カルピスカスタード&カルピスホットケーキ


",0
ホットケーキ," ◇薄力粉 ◇ベーキングパウダー
 ◇砂糖 ○卵 ○牛乳 ○バター ○バナナ","

◇◇バナナホットケーキ◇◇


",2
ホットケーキ," ホットケーキミックス
 牛乳 カルピス 卵","

カルピスホットケーキ


",1
ホットケーキ," バター 砂糖 塩 溶き卵 牛乳 小麦粉 ベーキングパウダー
","

ホットケーキ


",0
ホットケーキ," プロテイン ココア味 ホットケーキミックス
 水 オリーブオイル
 メープルシロップ","

超絶簡単！プロテインホットケーキ！！


",0
ホットケーキ," ホットケーキミックス
 卵 牛乳 バナナ（熟れている方が潰しやすい） サラダ油orバター ハチミツ
","

バナナホットケーキ


",0
ホットケーキ," ホットケーキミックス
 卵 牛乳 油(サラダ油)
 バター(マーガリン)","

HM × 炊飯器 で簡単ホットケーキ


",37
ホットケーキ," ホットケーキミックス
 絹豆腐 豆乳(または牛乳)
 砂糖 バター(マーガリンでも〇)","

豆腐でトロトロホットケーキ*


",0
ホットケーキ," ホットケーキミックス
 卵 牛乳 プレーンヨーグルト","

ヨーグルトでふっくらホットケーキ


",8
ホットケーキ, バター 砂糖 ホットケーキミックスまたはパンケーキミックス グラノーラ たまご,"

グラノーラクッキー


",0
ホットケーキ," ホットケーキミックス
 玉ねぎ ピーマン 油
 ケチャップ チーズ","

ホットケーキ簡単ピザ


",0
ホットケーキ," ホットケーキミックス
 絹ごし豆腐 牛乳(幼児牛乳1本) サラダ油","

卵アレルギーOK!ふわふわホットケーキ


",0
ホットケーキ," ホットケーキミックス
 豆乳(牛乳） 卵 ホエー 水きりヨーグルト
 パルスイート(砂糖）","

ホットケーキの水きりヨーグルトサンド


",0
ホットケーキ," 納豆 木綿豆腐 卵 豆乳
 きび砂糖
 植物油
 薄力粉 そば粉 ベーキングパウダー
 塩 植物油
","

豆腐と納豆で！もっちもち☆ホットケーキ♪


",0
ホットケーキ," りんご小 小麦粉 ベーキングパウダー
 ☆卵 ☆砂糖 ☆はちみつ
 ☆牛乳 バター","

大きなりんごのホットケーキ


",0
ホットケーキ," 米粉
 片栗粉
 ベーキングパウダー
 砂糖 塩 卵 牛乳","

簡単！もちもち！米粉でホットケーキ


",13
ホットケーキ," 卵 砂糖 サラダ油 牛乳 薄力粉 ベーキングパウダー
","

簡単ホットケーキ(覚書)


",0
ホットケーキ, ケーキのようなホットケーキミックス 生おから 卵 豆乳または牛乳 好みでハチミツまたはメープルシロップ,"

健康法師のちょっぴりヘルシーホットケーキ


",0
ホットケーキ," ホットケーキ カットフルーツ ホイップクリーム
 はちみつ、メープルシロップ","

見た目は派手だけど簡単！ホットケーキ☆


",0
ホットケーキ," 卵 水(牛乳) ホットケーキミックス
 油
 ポップコーン","

ポップコーンホットケーキ


",0
ホットケーキ," 玉子 豆腐 豆乳
 ホットケーキミックス
 バターorマーガリン","

お豆腐ホットケーキ


",1
ホットケーキ," ホットケーキミックス
 卵 チーズ ヨーグルト レモン汁
 牛乳","

子ども作☆チーズ入り爽やかホットケーキ


",0
ホットケーキ, 牛乳 小麦粉 卵,"

ホットケーキ


",0
ホットケーキ, ケーキのようなホットケーキミックス 卵 牛乳 コンビーフ 玉ねぎ サラダ油,"

コンビーフと玉ねぎのホットケーキ


",0
ホットケーキ," 卵白 黄身
 白ワイン
 蜂蜜
 砂糖 ヨーグルト ホットケーキミックス
","

なんとも良い香りのホットケーキ


",0
ホットケーキ," ★米粉（or玄米粉）
 ★そば粉 ★重曹（orアルミフリーのベーキングパウダー）
 砂糖 トマトジャム（or好みのジャム） おからパウダー（さとの雪食品【株】）
 卵（Ｍ） ヨーグルト(無糖) 好みの油 ☆ローストアーモンド（ホール）","

米粉そば粉ホットケーキ★粒アーモンド載せ


",0
ホットケーキ," ホットケーキミックス
 牛乳 卵 バナナ チョコシロップ","

ふわふわホットケーキ


",0
ホットケーキ, 米粉のホットケーキミックス 牛乳 卵(小さいサイズ） 砂糖 骨キッズカルシウム　ミルキー風味,"

米粉のホットケーキ☆ミルキー風味


",0
ホットケーキ," 薄力粉 強力粉
 ベーキングパウダー
 砂糖 牛乳 卵 バター メープルシロップ（ハチミツ）","

フワフワ☆ホットケーキ


",0
ホットケーキ," 雪見だいふく ☆ホットケーキミックス
 ☆卵 ☆ミルク 揚げ油
","

ホットケーキミックスで揚げアイスクリーム


",0
ホットケーキ," ホットケーキミックス
 卵 牛乳","

ホットケーキ


",0
ホットケーキ," ホットケーキミックス
 卵 豆乳(牛乳でも可)
 ベーコン とけるチーズ パプリカ ゆで卵 マヨネーズ 胡椒 枝豆 とけるチーズ 塩 バター","

簡単！美味しい＊ホットケーキサンド


",0
ホットケーキ," 小麦粉(薄力粉) ベーキングパウダー
 砂糖 塩 マヨネーズ 卵 牛乳","

覚書　ホットケーキ


",0
ホットケーキ, ●ＨＭ ●全卵 ●牛乳（豆乳） ★容器に塗るサラダ油 マーマレード 黒糖シロップ（粉糖）,"

レンジで作るホットケーキ


",1
ホットケーキ," ホットケーキミックス
 卵 牛乳(または水) サラダ油 ハム、ベーコン、ウインナーなど 卵(目玉焼き用) ★はちみつ、メープルシロップなど ★バター ★胡椒","

お食事ホットケーキ★


",0
ホットケーキ, 薄力粉 市販のペーキングパウダー 卵 牛乳 余旨味(甘みを入れないと美味しくならないため) ホットケーキにしたい場合 サラダ油と塩(パンケーキに付け合わせです。),"

手作りパンケーキ/ホットケーキ早見レシピ


",0
ホットケーキ," ホットケーキミックス
 かまあげ ひじき（煮物の残り） ゴマ 牛乳 玉子 マヨネーズ ミニトマト","

ホット・一息ケーキ


",0
ホットケーキ," 卵 牛乳 ホットケーキミックス
 砂糖","

シンプルホットケーキ


",0
ホットケーキ," 卵 牛乳 豆乳
 バナナ ホットケーキミックス
 豆腐粉(おからパウダーでも) 牛乳か豆乳(調整用)","

簡単☆豆腐粉とバナナのホットケーキ


",0
ホットケーキ," 卵 塩 ベーキングパウダー(アルミニウムフリー)
 甜菜糖 プロテインパウダー(あれば) ココナッツパウダー 純生クリーム
 米粉
 バター バナナ デーツシロップ 純生クリーム
 甜菜糖","

卵たっぷりホットケーキ


",0
ホットケーキ," ホットケーキミックス
 卵 牛乳 砂糖","

ちょっとひと工夫♪ホットケーキ


",0
ホットケーキ, 森永ホットケーキミックス 牛乳 卵,"

ホットケーキ


",0
ホットケーキ," 卵 豆乳
 バター メイプルシロップ はちみつ
 ホットケーキmix","

簡単豆乳ホットケーキ


",0
ホットケーキ," ホットケーキミックス
 卵 牛乳(豆乳でも可) ティーバッグ サラダ油か溶かしバター","

炊飯器de簡単紅茶ホットケーキ


",1
ホットケーキ," 絹ごし豆腐 アーモンドミルク 砂糖(甘さ足したい方は ホットケーキミックス
 油(フライパンに敷く用)
","

アーモンドミルク豆腐ホットケーキ～


",0
ホットケーキ," 米粉
 ベーキングパウダー（アルミフリー）
 きび砂糖
 塩 無調整豆乳
 コーン缶 フライパンに引く油","

ふっくら♪コーン入りホットケーキ♪


",0
ホットケーキ, ノパル(食用サボテン) HM粉 牛乳 卵,"

簡単ノパルのホットケーキ


",0
ホットケーキ," ホットケーキミックス
 卵 牛乳 バター","

ふんわりホットケーキ


",1
ホットケーキ," ハム バナナ 卵 牛乳 ホットケーキミックス
 ハチミツ
 オリーブオイル
 ブラックペッパー","

ハムとバナナのホットケーキ


",0
ホットケーキ," ☆薄力粉 ☆ベーキングパウダー
 ☆塩 卵 砂糖 蜂蜜
 マヨネーズ 牛乳","

冷めてもしっとり甘い節約ホットケーキ


",8
ホットケーキ," 小松菜 ササミ ベビーチーズ ホットケーキミックス
 卵 牛乳","

子供が喜ぶ！惣菜ホットケーキ！


",0
ホットケーキ," HM
 卵 牛乳 プレーンヨーグルト","

ＨＭをお店のホットケーキにグレートアップ


",1
ホットケーキ, 牛乳パック メープルジャムなど,"

時短！お弁当用ホットケーキ♪作り置き冷凍


",1
ホットケーキ," 薄力粉 砂糖 ベーキングパウダー
 牛乳 卵 バニラエッセンス
","

簡単! 定番! ホットケーキ


",3
ホットケーキ," 卵 砂糖 小麦粉 ベーキングパウダー
 牛乳 サラダ油","

手作りミックスでホットケーキ


",1
ホットケーキ, じゃがいも(男爵) 卵(M) 牛乳または豆乳 水あめ バター(有塩) 敷き油 メープルシロップ 季節のフルーツ,"

じゃがいもで作るホットケーキ


",0
ホットケーキ," 卵白 マヨネーズ 牛乳 ホットケーキミックス
","

卵白消費！ホットケーキ


",3
ホットケーキ," ホットケーキミックス
 卵 無調整豆乳
 スライスチーズ ツナ缶(水煮) ハーブソルト
 オリーブ油
","

甘くないホットケーキ


",0
ホットケーキ," 「お豆と雑穀のホットケーキミックス」 バナナ 豆乳
","

卵なしバナナホットケーキ


",0
ホットケーキ," 卵 ホイップクリーム
 ホットケーキミックス
 牛乳","

余ったホイップでホットケーキ


",0
ホットケーキ," ホットケーキミックス
 卵 牛乳 バター(マーガリン) 砂糖 水","

・＊とびきりカラメルホットケーキ＊・


",1
ホットケーキ," 薄力粉 ベーキングパウダー
 砂糖 卵 牛乳","

HMなしで作るホットケーキ。


",0
ホットケーキ," 砂糖 サラダ油 卵 塩 バニラオイル
 小麦粉 ベーキングパウダー
","

ふんわり☆ママのホットケーキ


",0
ホットケーキ," ホットケーキミックス
 卵 カスタードクリーム 水 ほうれん草","

ほうれん草ホットケーキ&蒸しパン


",0
ホットケーキ," ◎小麦粉 ◎砂糖 ◎ベーキングパウダー
 ◎塩 ヨーグルト 牛乳","

ヨーグルトの消費に☆もちもちホットケーキ


",1
ホットケーキ," ホットケーキミックス
 豆腐 ヨーグルト（無糖でも加糖でも） 水","

牛乳も卵も不使用★ホットケーキ


",2
ホットケーキ," ホットケーキミックス
 卵 牛乳 マリーム お湯 油
 フルーツの缶詰","

ホットケーキ マリームクリーム添え


",0
ホットケーキ," ホットケーキミックス
 バナナマッシュ たまご 牛乳 ホエー マヨネーズ バナナ ヨーグルト オリゴのおかげ","

お腹に優しいサクふわバナナホットケーキ


",0
ホットケーキ, 森永ホットケーキミックス 卵 牛乳 分量外のバター,"

レンジパンでホットケーキ～(oo)


",0
ホットケーキ," 米粉
 ベーキングパウダー
 ●黒糖
 ●牛乳 ●卵 ●油（生地用）
 油
 黒糖（蜜用）
 水","

黒糖のホットケーキ！米粉でモチモチ!


",0
ホットケーキ," 米粉
 ベーキングパウダー
 ●牛乳 ●卵 ●砂糖 ●油（生地用）
 油
 メープルシロップ バター又はマーガリン","

米粉でホットケーキ！もちもち食感♪


",1
ホットケーキ," ホットケーキMIX 牛乳 粗挽きウインナー スライスチーズ 明治切り出し生チーズ 揚げ油
 砂糖 ケチャップ マスタード","

ホットケーキMIXでチーズハットグ


",0
ホットケーキ," ◎ホットケーキミックス
 ◎玉子 ◎牛乳 生クリーム+砂糖 桃","

朝ごはん！ホットケーキ


",1
ホットケーキ," ★米粉（玄米粉）
 ★おからパウダー（さとの雪食品【株】）
 ★ＢＰ（あればアルミフリー）
 ☆卵（Ｍ） ☆完熟バナナ（正味） ☆シナモンパウダー（好みで） （必要なら）低糖トマトジャム等好みのジャム（ID : 5723155 ）","

朝昼おやつ米粉バナナおからPホットケーキ


",0
ホットケーキ," 玄米粉（米粉ＯＫ） ＢＰ（あればアルミフリー）
 生おから トマトジャム（ID : 5723155） プレーンヨーグルト(無糖)","

玄米粉トマトジャム生おからのホットケーキ


",0
ホットケーキ," 小麦粉（おすすめは薄力粉） 砂糖 ベーキングパウダー
 卵 牛乳 ★分量を変える場合","

簡単ふわふわ小麦粉ホットケーキ


",84
ホットケーキ," 牛乳 酢 砂糖 卵 キャノーラ油(サラダ油でも可) 薄力粉 ベーキングパウダー
","

ふわふわホットケーキ


",0
ホットケーキ," HM
 豆腐 卵 砂糖（入れなくても良い）","

モチモチ分厚いホットケーキ


",0
ホットケーキ," 木綿豆腐 片栗粉
 グレープシードオイルまたはオリーブオイル 塩 メープルシロップ","

木綿豆腐だけのカリッとホットケーキ風


",0
ホットケーキ," ホットケーキミックス
 卵 牛乳","

炊飯器で厚焼ホットケーキ


",2
ホットケーキ," ホットケーキミックス
 玉子 牛乳 キウイ","

キウイ入りしっとりホットケーキ


",1
ホットケーキ," バナナ 小麦粉 卵 油
","

バナナのホットケーキ♪


",0
ホットケーキ," ホットケーキミックス
 プレーンヨーグルト 豆腐（絹ごし豆腐） 卵 油
","

ふわふわもちもち簡単ホットケーキ


",3
ホットケーキ," 卵 砂糖 牛乳 ●米粉
 ●大豆粉(なければ米粉) ●ベーキングパウダー
 バター","

グルテンフリー  米粉のホットケーキ


",3
ホットケーキ," ホットケーキミックス
 水 卵 ジャガイモ あんこ 油
","

満腹しあわせあんこのホットケーキ


",0
ホットケーキ," 薄力粉 BP　アルミフリー 卵 牛乳 砂糖（我が家はきび砂糖を使用） 塩 サラダ油（我が家は米油を使用） バニラエッセンス
","

ホットケーキ生地　


",1
ホットケーキ," 冷凍茹でほうれん草 バナナ 豆乳（または牛乳）
 卵 ホットケーキミックス
 バター","

定番。ほうれん草の大きなホットケーキ


",0
ホットケーキ," HM
 薄力粉 ベーキングパウダー
 砂糖 牛乳 たまご バター はちみつ
","

でかふわホットケーキ


",1
ホットケーキ," ホットケーキミックス
 卵(L) 牛乳","

冷めても美味しいホットケーキ


",0
ホットケーキ," ★薄力粉 ★強力粉
 ★ベーキングパウダー
 砂糖 卵 牛乳 バニラエッセンス（無くても）
","

HM不使用！ホットケーキ


",0
ホットケーキ," 卵(Lサイズ) 牛乳or豆乳 砂糖 バニラオイル
 おから(生) ベイキングパウダー
","

生おからホットケーキ☆ＨＭ無　小麦粉無


",13
ホットケーキ," 薄力粉 ベーキングパウダー
 砂糖 卵 牛乳 バニラエッセンス
 トッピング（生クリーム、フルーツなど）","

泡立て不要☆ふわふわホットケーキ


",1
ホットケーキ," にんじん スナップえんどう ホットケーキミックス
 卵 牛乳 サラダ油 バター","

にんじんとスナップえんどうのホットケーキ


",0
ホットケーキ," ホットケーキミックス
 プレーンヨーグルト ミックスベジタブル ピザ用チーズ マヨネーズ 水","

ミックスベジタブルのホットケーキ


",0
ホットケーキ," 卵 牛乳 小麦粉 砂糖 長芋
 茹でカボチャ サラダ油","

カボチャと長芋ホットケーキ


",0
ホットケーキ," 絹豆腐 ホットケーキミックス
 ウインナー 人参 油
","

ウインナー入りトースターでホットケーキ


",0
ホットケーキ," 米粉
 砂糖(お好みで増減) ベーキングパウダー
 卵 バター 牛乳 バニラエッセンス(お好みで)
","

米粉のホットケーキ


",1
ホットケーキ," ホットケーキミックス
 卵 牛乳","

ずぼらホットケーキ(洗物無くそう)


",0
ホットケーキ," 薄力粉 ベーキングパウダー
 砂糖 塩","

ホットケーキMIXの作り方


",0
ホットケーキ, 焦げたホットケーキ スライスチーズ,"

焦がしたホットケーキのごまかしかた


",0
ホットケーキ," ホットケーキミックス
 牛乳 卵黄
 卵白 油
","

簡単.* ホットケーキ


",2
ホットケーキ," 牛乳 バナナ バター はちみつ(メープルシロップ)
 小麦粉 おからパウダー
 卵 塩 砂糖 ベーキングパウダー
","

少ない洗い物で作るおからホットケーキ


",0
ホットケーキ," ホットケーキミックス
 たまご 牛乳 ベーコン ツナ ピザ用チーズ ハチミツ
","

あまじょっぱうまホットケーキ


",1
ホットケーキ, ホットケーキmixの粉 木綿豆腐 白砂糖又はグラニュー糖,"

簡単ホットケーキmixで豆腐ドーナツ★☆


",0
ホットケーキ," HM（ホットケーキミックス）
 卵 油（サラダ油など）
 牛乳","

大きなホットケーキ２　簡単！HM＋炊飯器


",14
ホットケーキ," 薄力粉 牛乳 卵 砂糖 塩 バター ベーキングパウダー
","

ふるわない！薄力粉で作るホットケーキ


",26
ホットケーキ," ホットケーキミックス
 ベーキングパウダー
 牛乳 卵 マヨネーズ","

ふわふわホットケーキ


",0
ホットケーキ," ホットケーキミックス
 ヨーグルト 豆乳
 抹茶 チョコレート","

卵なしふわもちホットケーキ


",1
ホットケーキ," 卵 ホットケーキミックス
 牛乳 バナナ はちみつ
 バター","

バナナホットケーキ


",2
ホットケーキ," 絹ごし豆腐 豆乳か牛乳 ホットケーキミックス
 油
","

簡単！豆腐でふわもち極厚ホットケーキ


",2
ホットケーキ," HM
 卵 牛乳 油
 チョコペン","

令和ホットケーキ


",1
ホットケーキ," あんこ缶 ホットケーキミックス
 抹茶ミルク 水 クルミ","

ホットケーキmix抹茶あんこ蒸しケーキ風


",0
ホットケーキ," ★ホットケーキミックス
 ★牛乳 ★卵 ○人参 ○小松菜 ○ウインナー 油(焼くとき用)
","

離乳食完了期～幼児食　野菜のホットケーキ


",10
ホットケーキ," ホットケーキミックス
 生おから 卵 牛乳 ミックスベリー","

おからと冷凍ベリーのホットケーキ


",0
ホットケーキ," 牛乳 卵 ホットケーキミックス
 溶かしバター 酢 バター 蜂蜜
","

ふっくらホットケーキ


",1
ホットケーキ," 卵 牛乳 ホットケーキミックス
 りんご はちみつ
 シナモン","

林檎と蜂蜜のホットケーキ


",1
ホットケーキ," ホットケーキミックス
 卵 水","

超簡単！牛乳なしのさっぱりホットケーキ！


",2
ホットケーキ," ホットケーキ粉 牛乳 卵 オイル
 イチゴ","

旬のイチゴのホットケーキ


",0
ホットケーキ," 卵 砂糖(甘さ控えめ) 薄力粉 油
","

卵と砂糖と薄力粉だけ。ホットケーキ？


",0
ホットケーキ," 卵 米粉
 重曹(又はベーキングパウダー)
 甜菜糖 塩 生クリーム
 水 バター ブルーベリー デーツ(シロップ) バター 生クリーム
","

ふわふわおやつ！米粉でホットケーキ


",3
ホットケーキ, 薄力粉 卵 牛乳 砂糖 レーズン 卵,"

硬めのホットケーキ卵のせ


",0
ホットケーキ, 小麦粉 B.P 卵 砂糖 サラダ油 牛乳,"

Mix粉不使用の腹割れホットケーキ


",0
ホットケーキ," 薄力粉 三温糖
 塩 ベーキングパウダー
","

自家製ホットcakeミックス


",0
ホットケーキ," ホットケーキミックス
 牛乳、水、豆乳など 卵 オートミール 豆腐","

簡単蒸しホットケーキ


",0
ホットケーキ," 米粉
 ベーキングパウダー（アルミフリー）
 きび砂糖
 豆乳ヨーグルト 水（豆乳でも） フライパンに塗る油","

米粉のホットケーキ！小麦乳卵なし♪


",3
ホットケーキ," 抹茶味のプリン 抹茶味の豆乳（抹茶ミルクでもOK） ホットケーキミックス
","

材料三つ！もちもちの抹茶ホットケーキ


",0
ホットケーキ, 森永ホットケーキミックス 卵 牛乳 サラダ油 メープルシロップやジャム,"

ヘルシオで厚焼きホットケーキ


",1
ホットケーキ," ホットケーキミックス
 CO・OP北海道のそのまま枝豆（さやから出したもの） 牛乳 卵 CO・OPポークウインナー CO・OPベビーチーズ","

枝豆のホットケーキ


",1
ホットケーキ," ホットケーキミックス
 牛乳 卵 サラダ油 マリーム お湯 トッピングなど","

ホイップマリームのせホットケーキ


",0
ホットケーキ," ホットケーキミックス
 卵 牛乳 ベジート(トマト、ほうれん草) 水","

ベジートでホットケーキ


",0
ホットケーキ," 薄力粉 卵 ベーキングパウダー
 牛乳 てんさい糖","

むしパン&ホットケーキ


",1
ホットケーキ," りんご ホットケーキミックス
 牛乳 卵 オリーブオイル
","

りんごホットケーキ


",1
ホットケーキ," ホットケーキミックス(ダイズラボ)
 牛乳 メープルシロップ 植物油
 卵","

簡単！小麦粉不使用☆厚~いホットケーキ


",0
ホットケーキ," ホットケーキミックス
 ホットケーキの材料 マリーム お湯","

マリームホイップ入りふわふわホットケーキ


",0
ホットケーキ," 玉子 牛乳 マヨネーズ ホットケーキミックス
","

モチモチホットケーキ


",0
ホットケーキ," 小麦粉 ベーキングパウダー
 砂糖 塩","

ホットケーキの生地


",0
ホットケーキ," ホットケーキミックス
 卵 牛乳 マヨネーズ チョコチップ  (後のせ用)","

簡単 カップdeホットケーキ


",1
ホットケーキ," ホットケーキミックス
 豆乳または牛乳 卵 きなこ シナモン","

ふっくら蒸しパンケーキ～きなこ風味～


",0
ホットケーキ," ホットケーキミックス
 卵 牛乳 サラダ油","

ぶんちゃんホットケーキ


",0
ホットケーキ," ★ホットケーキミックス
 ★牛乳 ★チチヤス ヨーグルト ★マヨネーズ はちみつ
 バター","

たまご不使用ホットケーキ


",0
ホットケーキ, もち麦ご飯 卵 全粒粉 味噌(仙台味噌使用) 水,"

【もち麦ご飯の味噌味ホットケーキ】


",0
ホットケーキ," 玉子 き牛乳 マヨネーズ 生クリーム
 砂糖 イチゴ 冷蔵ミックスベリー","

イチゴとブルーベリーのホットケーキ


",0
ホットケーキ," 米粉（製菓用）
 ベーキングパウダー
 ヨーグルト（やまぐち） メープルシロップ 卵（60グラム） 米油 乳糖分解した牛乳","

ふくふくしたホットケーキ


",2
ホットケーキ," 薄力粉 たまご 豆乳
 砂糖(粗製糖を使用) ベーキングパウダー
 バター バター、はちみつなど、お好きなトッピング","

厚焼きふわふわ♪粉から作るホットケーキ


",0
ホットケーキ," 生おから ホットケーキのもと 卵 ハチミツ
 粉チーズ オリーブオイル
","

生おから入りホットケーキのソフトクッキー


",0
ホットケーキ," ほうれん草 牛乳 卵 ホットケーキミックス
 バナナ","

ほうれん草とバナナのホットケーキ 


",0
ホットケーキ," 小麦粉 砂糖 牛乳 卵 BP
 バター 重曹(有れば)
","

小麦粉ふわふわパンケーキ(ホットケーキ)


",0
ホットケーキ, *卵黄 *砂糖 *セルフライジングフラワー *ミルク 卵白 砂糖,"

ふわふわホットケーキ


",0
ホットケーキ," 小麦粉 ベーキングパウダー
 グラニュー糖又は上白糖 サラダ油 牛乳 卵 あんこ バター（盛り付け） メイプルシロップ","

手作りあんこたっぷりのせ！ホットケーキ♪


",0
ホットケーキ," ホットケーキミックス
 牛乳(1/2カップ） 卵（1個） にんじんのしぼりかす きゅうりのしぼりかす ウインナー（小2本） カップ（レンジ使用可）","

カラフルホットケーキ


",0
ホットケーキ," 卵 きび砂糖
 ヨーグルト 豆乳(無調整)
 油
 そば粉 ベーキングパウダー
 塩","

ホットケーキをそば粉で☆栄養満点ヘルシー


",2
ホットケーキ," コーン缶 ホットケーキミックス
 牛乳 卵","

離乳食後期～甘～いコーンホットケーキ☆


",0
ホットケーキ," りんご 砂糖 牛乳 ホットケーキミックス
 サラダ油","

簡単ホットケーキmixでりんごマフィン


",1
ホットケーキ," パン粉
 玉子 牛乳 バニラエッセンス
 砂糖","

残ったパン粉のホットケーキ（パンケーキ）


",1
ホットケーキ, SHOWA  ホットケーキミックス イチゴ はごろもフーズ　みかん缶 トーラク株式会社　ホイップクリーム,"

ホットケーキのフルーツバーガー！


",0
ホットケーキ," 薄力粉(中力粉) 砂糖 オレンジマーマレード(お好みのジャムで) 水 油
 たまご","

簡単ホットケーキ


",0
ホットケーキ," ホットケーキミックス
 卵 絹ごし豆腐 サラダ油(炒め用)","

ふわふわ　ホットケーキ♪


",2
ホットケーキ, 小麦粉(薄力粉) 砂糖 炭酸水 たまご,"

炭酸水でホットケーキ　


",0
ホットケーキ," ホットケーキミックス
 ★卵+牛乳 苺ペースト ★卵+牛乳 HM
 HM
 ★卵+牛乳 HM
 ★卵+牛乳 抹茶粉末","

三色ホットケーキ


",0
ホットケーキ," 卵 ホットケーキミックス
 牛乳 ★みりん
 ★バニラエッセンス
 ★マヨネーズ ★はちみつ
 油
","

ふんわりホットケーキ(●´ω`●)


",0
ホットケーキ," ホットケーキMIX 卵 オイル（米油やオリーブ油）
 バナナ ☆サラダほうれん草 ☆ヨーグルト(プレーン)","

簡単♪「バナナとほうれん草のケーキ」


",0
ホットケーキ," 小麦粉 卵 水 ベーキングパウダー
 砂糖 マヨネーズ","

炊飯器で簡単！小麦粉ホットケーキ


",0
ホットケーキ," ホットケーキミックス
 甘酒（小川屋）","

甘酒ホットケーキ


",2
ホットケーキ," ホットケーキミックス
 卵 ﾌｫﾛｰｱｯﾌﾟﾐﾙｸ(牛乳) バナナ 緑バランスキューブ","

バランスキューブでホットケーキ


",0
ホットケーキ," ホットケーキミックス
 卵小 豆乳
","

厚焼きホットケーキ


",0
ホットケーキ," ホットケーキミックス
 ほうれん草 バナナ 豆乳
 卵 果物（飾り）","

スイーツで鉄分♪ほうれん草のホットケーキ


",0
ホットケーキ," 小麦粉 ベーキングパウダー
 牛乳 きな粉 ほうれん草 冷凍コーン","

離乳食後期 卵不使用のホットケーキ


",1
ホットケーキ," 卵黄
 グラニュー糖
 水 サラダ油 ホットケーキミックス
 卵白 グラニュー糖
 お好みでレーズン、チョコチップ等","

ホットケーキ粉でシフォンケーキ(^O^)


",0
ホットケーキ," ホットケーキミックス
 牛乳 砂糖 卵","

プーホットケーキ


",0
ホットケーキ," ホットケーキミックス
 生クリーム
 卵","

ふわふわホットケーキ


",0
ホットケーキ, ホットケーキMIX ミルクティー ※ストレートタイプの場合 板チョコレートorチョコチップ,"

マグカップ紅茶ケーキ(･ω･)☆


",2
ホットケーキ," ホットケーキミックス
 卵 牛乳 大麦若葉粉末 コーン バター","

大麦若葉×コーンのお野菜ホットケーキ


",0
ホットケーキ," 強力粉
 ベーキングパウダー
 砂糖 はちみつ
 バニラエッセンス
 牛乳","

簡単！しっかりめなホットケーキ♪


",0
ホットケーキ," ▲薄力粉 ▲ベーキングパウダー
 ▲塩 ▲グラニュー糖又は上白糖 卵(M) 牛乳又は豆乳 サラダ油(溶かしバター) バニラエッセンス
","

Mix不使用自家製ふんわりホットケーキ


",9
ホットケーキ," ☆卵 ☆炭酸水 ☆マヨネーズ ホットケーキミックス
 マーガリン
","

しっとりふわふわホットケーキ♪


",2
ホットケーキ," 卵 豆乳（牛乳）
 バナナ 小麦粉 ベーキングパウダー
","

幼児用バナナホットケーキ


",0
ホットケーキ," ホットケーキミックス
 バニラアイス 牛乳 卵 蜂蜜
","

ホットケーキ


",0
ホットケーキ," ◯薄力粉 ◯ベーキングパウダー
 卵(Mサイズ) マヨネーズ きび砂糖 サラダ油(又は溶かし無塩バター) バニラエッセンス 牛乳","

ふんわり♪たまごホットケーキ


",0
ホットケーキ, コープのバナナ CO･OPホットケーキミックス まめぴよ(ココア味) サラダ油 たまご 粉砂糖,"

ココアホットケーキ


",0
ホットケーキ," 小麦粉(米粉) ﾍﾞｰｷﾝｸﾞﾊﾟｳﾀﾞｰ
 粉ミルク(牛乳・豆乳) お好みで野菜や果物","

離乳食　＊ママの手作りホットケーキ＊


",1
ホットケーキ," 卵 砂糖 サラダ油 牛乳 薄力粉 ベーキングパウダー
","

はかりなし、ホットケーキ


",3
ホットケーキ," ホットケーキミックス
 卵(Mサイズ) 牛乳","

☆ふんわりホットケーキ☆基本の焼き方♪


",10
ホットケーキ," 牛乳 白玉粉
 ホットケーキミックス
 油
","

もちもちホットケーキ


",0
ホットケーキ, スライスチーズ ハム コーン,"

手作りHMで惣菜ホットケーキ


",0
ホットケーキ," 小麦粉 卵 砂糖 ベーキングパウダー
 オレンジピュール液体 小豆あん(又は砂糖液) 水→少量づつ入れて行く。","

貴女風味でホットケーキ?ゆりさん風


",0
ホットケーキ," ★チョコレート ★牛乳 お好みの油 はちみつ
 卵 洋酒（あれば） ホットケーキミックス
 ピュアココア オレンジのコンポート　レシピID : 5502317","

ホットケーキmixでチョコマフィン


",0
ホットケーキ," ホットケーキミックス
 水 コーヒー","

寒さに負けないホットケーキ！


",0
ホットケーキ," ホットケーキミックス
 シリコンカップ アルミカップ ホットプレート","

失敗しないヘルシーひとくちホットケーキ


",0
ホットケーキ," オートミール 牛乳 薄力粉 ベーキングパウダー
 砂糖 きなこ バナナ たまご 牛乳","

栄養たっぷりオートミール入りホットケーキ


",1
ホットケーキ," 卵 ミルク（私は明治のほほえみ） ホットケーキミックス（はくばく）
 裏ごし鶏レバーと野菜（和光堂） カボチャつぶしたもの ニンジン茹でてみじんにしたもの ほうれん草と小松菜（みじん） 熟れて柔らかい甘いバナナ（みじん）","

離乳食9ヶ月:手づかみ欲張りホットケーキ


",3
ホットケーキ," ホットケーキmix粉 キッコーマン無調整豆乳 卵 蜂蜜
 ココアパウダー チョコレート ベーキングパウダー
 市販のカップケーキペーパー型 サラダ油又はマーガリン","

ホットケーキmixでふんわり蒸しパン★☆


",0
ホットケーキ," HM（ホットケーキミックス）
 卵（L） 豆乳(無調整)
","

大きなホットケーキ１　簡単　HM＋炊飯器


",0
ホットケーキ," ホットケーキ粉 バナナ オイル
","

【子供と作る】バナナのホットケーキ


",0
ホットケーキ," HM
 卵 牛乳","

誕生日ホットケーキ


",0
ホットケーキ," ●小麦粉 ●ベーキングパウダー
 グラニュー糖
 サラダ油 牛乳 卵 みかん皮煮 バター メイプルシロップ","

みかんホットケーキ♪みかん皮甘煮を入れて


",0
ホットケーキ," 小麦粉 卵 水 ベーキングパウダー
 砂糖 マヨネーズ","

炊飯器で簡単！小麦粉ホットケーキ


",0
ホットケーキ," ホットケーキミックス
 卵 絹ごし豆腐 牛乳","

豆腐入りふわふわホットケーキ


",17
ホットケーキ," 卵 ミルク（私は明治のほほえみ） ホットケーキミックス（はくばく）
 裏ごし鶏レバーと野菜（和光堂） カボチャつぶしたもの ニンジン茹でてみじんにしたもの ほうれん草と小松菜（みじん） 熟れて柔らかい甘いバナナ（みじん）","

離乳食9ヶ月:手づかみ欲張りホットケーキ


",3
ホットケーキ, 小麦粉 フォローアップミルク 水 卵 てんさい糖,"

フォローアップミルク入りホットケーキ


",0
ホットケーキ," 魚肉ソーセージ ホットケーキミックス
 牛乳","

アンパンマンホットケーキ


",0
ホットケーキ," ホットケーキミックス
 牛乳 卵 バナナ チョコソース 鶏肉 レタス","

ホットケーキサンド


",0
ホットケーキ," ★板チョコ（ミルク）
 ★太白ごま油または溶かしバター 卵 ホットケーキミックス
 ☆板チョコ（ホワイト）
 ☆太白ごま油または溶かしバター いちごパウダー（あれば） 卵 ホットケーキミックス
","

ホットケーキmixと板チョコのブラウニー


",0
ホットケーキ," 薄力粉 バナナ(完熟) 黒砂糖(グラニュー糖でも)
 卵 チョコレート レモン汁
 ベーキングパウダー
 牛乳・豆乳でもオーケー","

チョコとバナナのおいしいホットケーキ


",0
ホットケーキ," ホットケーキミックス
 牛乳 卵 魚肉ソーセージ ケーキシロップ 卵 トロけるスライスチーズ 焼き用サラダ油","

濃厚卵のホットケーキエッグベネディクト風


",0
ホットケーキ," ホットケーキミックス
 牛乳 卵 苺 餡子（市販の出来てる物を使います。粒  練りどちらでも） 砂糖 水 練乳","

苺飴と餡子の練乳がけホットケーキ


",0
ホットケーキ," 食パン マーガリン
 ホットケーキミックス
 砂糖 プレーンヨーグルト","

簡単朝食　ホットケーキ トースト　HM


",1
ホットケーキ," ホットケーキミックス(200gの場合はコツ参照)
 おから 牛乳(または豆乳)","

mもっちりおからパンケーキ


",1
ホットケーキ," じゃがいも ニンジン 玉ねぎ ハム 卵 牛乳 コンソメ
 塩 マヨネーズ ケチャップ ホットケーキミックス
","

おかずホットケーキ


",0
ホットケーキ," ホットケーキミックス
 卵 牛乳 あんこ（レシピID：2746398） バター","

ホットケーキであんバターどら焼き。


",0
ホットケーキ, 牛乳 卵 餅 ホットケーキ粉 バター（焼き用）,"

もっち餅～☆ホットケーキ


",1
ホットケーキ," 強力粉
 グラハム粉 ベーキングパウダー
 たまご 牛乳 油
","

強力粉とグラハム粉のホットケーキ


",0
ホットケーキ," ホットケーキミックス
 卵 牛乳","

メレンゲでふわふわ！ホットケーキ


",1
ホットケーキ," 卵(コロッケの衣) 小麦粉(コロッケの衣) パン粉(コロッケの衣)
 牛乳 三温糖
 ベーキングパウダー
 バター","

コロッケの衣をリメイクホットケーキ


",0
ホットケーキ," ホットケーキミックス
 卵 牛乳 サラダ油 お砂糖（メープルシュガーなど） 無塩バター チョコ ナッツ ハートシュガー チョコペン","

バレンタイン☆ハートのホットケーキラスク


",0
ホットケーキ," ホットケーキミックス
 人参 卵 牛乳 砂糖(なくても)","

人参1本手づかみパンケーキ.ホットケーキ


",3
